token,amount,n,by_amount,by_rows
0x82af49447d8a07e3bd95bd0d56f35241523fbab1,5.970306600232368E82,509394850,true,true
0xaf88d065e77c8cc2239327c5edb3a432268e5831,2.5200302664863826E83,366294721,true,true
0xfd086bc7cd5c481dcc9c85ebe478a1c0b69fcbb9,2.544781885799138E83,163462893,true,true
0x912ce59144191c1204e64559fe8253a0e49e6548,7.071916941584619E82,75552592,true,true
0x2f2a2543b76a4166549f7aab2e75bef0aefc5b0f,3.123281729088165E82,71824604,true,true
0xff970a61a04b1ca14834a43f5de4533ebddb5cc8,9.161041294597356E82,71329831,true,true
0x0c880f6761f1af8d9aa9c466984b80dab9a8c9e8,9.247212502584584E81,19516891,true,true
0xa522a5bb1d9b14d1a79babba72a0d9ad3c0d8d98,2.2355244648762645E65,17735463,false,true
0xe1a498fbeffb4cb726f810ccc4a8982ff50bb8b0,1.529613498824947E80,12163764,false,true
0xe2035f04040a135c4da2f96aca742143c57c79f9,5.137092906038283E82,9761886,true,true
0x4a24b101728e07a52053c13fb4db2bcf490cabc3,1.3785048223702493E80,8804452,false,true
0xda10009cbd5d07dd0cecc66161fc93d7c9000da1,1.452748051149837E82,8677480,true,true
0xf97f4df75117a78c1a5a0dbb814af92458539fb4,7.644696192517763E81,8675046,false,true
0xe80772eaf6e2e18b651f160bc9158b2a5cafca65,8.940307210013183E80,6437746,false,true
0x6985884c4392d348587b19cb9eaaf157f13271cd,1.0664633798027201E82,6318171,true,true
0x1a6b3a62391eccaaa992ade44cd4afe6bec8cff1,6.046489211838796E81,6187243,false,true
0x6fbbbd8bfb1cd3986b1d05e7861a0f62f87db74b,1.1597504073831116E82,6052221,true,true
0x5979d7b546e38e414f7e9822514be443a4800529,7.218424037891183E81,5553387,false,true
0x9623063377ad1b27544c965ccd7342f7ea7e88c7,3.877489165061928E82,4761427,true,true
0xfc5a1a6eb076a2c7ad06ed22c90d7e710e35ad0a,9.111593798889323E81,4378643,true,true
0x406d59819bc2aef682f4ff2769085c98a264f97b,1.3353838483382728E82,2720903,true,false
0x6694340fc020c5e6b96567843da2df01b2ce1eb6,9.948971570702536E81,1647816,true,false
0xe50fa9b3c56ffb159cb0fca61f5c9d750e8128c8,1.1333417861575964E82,1343622,true,false
0x6b708db1fd774a35001f19ac3f737f1c0f37f770,4.555168156924629E82,493833,true,false
0x6daf586b7370b14163171544fca24abcc0862ac5,9.767262207390714E81,389567,true,false
0xbe00f3db78688d9704bcb4e0a827aea3a9cc0d62,2.20199011762943E82,207237,true,false
0x7288ac74d211735374a23707d1518dcbbc0144fd,1.1289276387789746E82,102957,true,false
