address,symbol,name,decimals,feed,feed_path,feed_proxy,quote,feed_category,relation,relation_note,n_rows_tobs,rank_by_n,verification,arbitrum_key_days,arbitrum_key_first_day,second_key,second_key_days_available,second_key_shared_days,second_key_median_abs_rel_diff,second_key_used,second_key_days_used,spike_days,first_price_day,priced,priced_days,filled_days,min_confidence,selected
0x82af49447d8a07e3bd95bd0d56f35241523fbab1,WETH,Wrapped Ether,18,ETH / USD,eth-usd,0x639fe6ab55c921f74e7fac1ee960c0b6293ba612,USD,low,issuer_wrapper,WETH: wraps the feed's base asset one-to-one (aave_address_book:WETH_UNDERLYING; coingecko:arbitrum-bridged-weth-arbitrum-one; arbitrum token list (L1 WETH)),509394850,1.0,confirmed,777,2024-08-15,coingecko:weth,1096,777,0.00012953207147603507,True,319,0,2023-10-01,True,1096,0,0.99,True
0xaf88d065e77c8cc2239327c5edb3a432268e5831,USDC,USD Coin,6,USDC / USD,usdc-usd,0x50834f3163758fcc1df9973b6e91f0f0f0434ad3,USD,low,token_itself,USDC: the feed's base asset is this token (coingecko coin 'usd-coin' arbitrum-one platform address),366294721,2.0,confirmed,1096,2023-10-01,coingecko:usd-coin,1096,1096,0.0,True,0,0,2023-10-01,True,1096,0,0.99,True
0xfd086bc7cd5c481dcc9c85ebe478a1c0b69fcbb9,USD₮0,USD₮0,6,USDT / USD,usdt-usd,0x3f3f5df88dc9f13eac63df89ec16ef6e7e25dde7,USD,low,canonical_bridge,"USD₮0: Arbitrum canonical-bridge copy of Tether's Ethereum USDT until 29 January 2025, then upgraded in place to USDT0, a LayerZero OFT backed one-to-one by USDT locked on Ethereum (docs.usdt0.to); the USDT / USD feed prices USDT, and Aave prices this token with it",163462893,3.0,disputed,615,2025-01-23,coingecko:tether,1096,615,0.00015605054904621607,True,481,0,2023-10-01,True,1096,0,0.99,True
0x912ce59144191c1204e64559fe8253a0e49e6548,ARB,Arbitrum,18,ARB / USD,arb-usd,0xb2a824043730fe05f3da2efafa1cbbe83fa548d6,USD,low,token_itself,ARB: the feed's base asset is this token (coingecko coin 'arbitrum' arbitrum-one platform address),75552592,4.0,confirmed,1096,2023-10-01,coingecko:arbitrum,1096,1096,0.0,True,0,0,2023-10-01,True,1096,0,0.99,True
0x2f2a2543b76a4166549f7aab2e75bef0aefc5b0f,WBTC,Wrapped BTC,8,WBTC / USD,wbtc-usd,0xd0c7101eacbb49f3decccc166d238410d6d46d57,USD,low,canonical_bridge,WBTC: Arbitrum canonical-gateway copy of BitGo's Ethereum WBTC (l1Address 0x2260fac5e5542a773aa44fbcfedf7c193bc2c599); the WBTC / USD feed prices WBTC,71824604,5.0,confirmed,788,2024-08-04,coingecko:wrapped-bitcoin,1096,788,0.0008822750733269435,True,308,0,2023-10-01,True,1096,0,0.99,True
0xff970a61a04b1ca14834a43f5de4533ebddb5cc8,USDC,USD Coin (Arb1),6,USDC / USD,usdc-usd,0x50834f3163758fcc1df9973b6e91f0f0f0434ad3,USD,low,canonical_bridge,USDC.e: Arbitrum canonical-gateway copy of Circle's Ethereum USDC,71329831,6.0,confirmed,1096,2023-10-01,coingecko:usd-coin,1096,1096,0.00040362235912094757,True,0,0,2023-10-01,True,1096,0,0.99,False
0x0c880f6761f1af8d9aa9c466984b80dab9a8c9e8,PENDLE,Pendle,18,PENDLE / USD,pendle-usd,0x66853e19d73c0f9301fe099c324a1e9726953433,USD,low,token_itself,PENDLE: the feed's base asset is this token (coingecko coin 'pendle' arbitrum-one platform address; bridged from coingecko coin 'pendle' ethereum address 0x808507121b80c02388fad14726482e061b8da827 per arbed_coingecko+arbed_uniswap+uniswap_default),19516891,7.0,confirmed,1096,2023-10-01,coingecko:pendle,1096,1096,0.0,True,0,0,2023-10-01,True,1096,0,0.99,False
0xda10009cbd5d07dd0cecc66161fc93d7c9000da1,DAI,Dai Stablecoin,18,DAI / USD,dai-usd,0xc5c8e77b397e531b8ec06bfb0048328b30e9ecfb,USD,low,token_itself,DAI: the feed's base asset is this token (coingecko coin 'makerdao-arbitrum-bridged-dai-arbitrum-one' arbitrum-one platform address; bridged from coingecko coin 'dai' ethereum address 0x6b175474e89094c44da98b954eedeac495271d0f per arb_bridge_42161+arb_whitelist_era+arbed_coingecko+arbed_uniswap+uniswap_default),8677480,12.0,confirmed,772,2024-08-19,coingecko:dai,1096,772,0.0004012305070492661,True,324,0,2023-10-01,True,1096,0,0.99,False
0xf97f4df75117a78c1a5a0dbb814af92458539fb4,LINK,ChainLink Token,18,LINK / USD,link-usd,0x86e53cf1b870786351da77a57575e79cb55812cb,USD,low,token_itself,LINK: the feed's base asset is this token (coingecko coin 'chainlink' arbitrum-one platform address; bridged from coingecko coin 'chainlink' ethereum address 0x514910771af9ca656af840dff83e8264ecf986ca per arb_bridge_42161+arb_whitelist_era+arbed_coingecko+arbed_uniswap+uniswap_default),8675046,13.0,confirmed,1096,2023-10-01,coingecko:chainlink,1096,1096,0.0,True,0,0,2023-10-01,True,1096,0,0.99,False
0x6985884c4392d348587b19cb9eaaf157f13271cd,ZRO,LayerZero,18,ZRO / USD,zro-usd,0x1940fed49cdbc397941f2d336eb4994d599e568b,USD,medium,token_itself,ZRO: the feed's base asset is this token (coingecko coin 'layerzero' arbitrum-one platform address; bridged from coingecko coin 'layerzero' ethereum address 0x6985884c4392d348587b19cb9eaaf157f13271cd per uniswap_default),6318171,15.0,confirmed,833,2024-06-20,coingecko:layerzero,833,833,0.0,True,0,0,2024-06-20,True,833,0,0.99,False
0x5979d7b546e38e414f7e9822514be443a4800529,wstETH,Wrapped liquid staked Ether 2.0,18,WSTETH / ETH,wsteth-eth,0xb523ae262d20a936bc152e6023996e46fdc2a95d,ETH,medium,token_itself,wstETH: the feed's base asset is this token (coingecko coin 'arbitrum-bridged-wsteth-arbitrum' arbitrum-one platform address; bridged from coingecko coin 'wrapped-steth' ethereum address 0x7f39c581f595b53c5cb19bd0b3f8da6c935e2ca0 per arbed_coingecko),5553387,18.0,confirmed,644,2024-12-26,coingecko:wrapped-steth,1096,644,0.000737796979831784,True,452,0,2023-10-01,True,1096,0,0.99,False
0x9623063377ad1b27544c965ccd7342f7ea7e88c7,GRT,Graph Token,18,GRT / USD,grt-usd,0x0f38d86fcef4955b705f35c9e41d1a16e0637c73,USD,medium,token_itself,GRT: the feed's base asset is this token (coingecko coin 'the-graph' arbitrum-one platform address; bridged from coingecko coin 'the-graph' ethereum address 0xc944e90c64b2c07662a292be6244bdf05cda44a7 per arb_bridge_42161+arb_whitelist_era+arbed_coingecko+arbed_uniswap+uniswap_default),4761427,19.0,confirmed,1096,2023-10-01,coingecko:the-graph,1096,1096,0.0,True,0,0,2023-10-01,True,1096,0,0.99,False
0xfc5a1a6eb076a2c7ad06ed22c90d7e710e35ad0a,GMX,GMX,18,GMX / USD,gmx-usd,0xdb98056fecfff59d032ab628337a4887110df3db,USD,medium,token_itself,GMX: the feed's base asset is this token (coingecko coin 'gmx' arbitrum-one platform address),4378643,20.0,confirmed,1096,2023-10-01,coingecko:gmx,1096,1096,0.0,True,0,0,2023-10-01,True,1096,0,0.99,False
0x7f9fbf9bdd3f4105c478b996b648fe6e828a1e98,APE,ApeCoin,18,APE / USD,ape-usd,0x221912ce795669f628c51c69b7d0873eda9c03bb,USD,low,token_itself,APE: the feed's base asset is this token (coingecko coin 'apecoin' arbitrum-one platform address),3803505,21.0,confirmed,1087,2023-10-01,coingecko:apecoin,1096,1087,0.0017578975735520475,True,9,1,2023-10-01,True,1096,0,0.99,False
0x539bde0d7dbd336b79148aa742883198bbf60342,MAGIC,MAGIC,18,MAGIC / USD,magic-usd,0x47e55ccec6582838e173f252d08afd8116c2202d,USD,low,token_itself,MAGIC: the feed's base asset is this token (coingecko coin 'magic' arbitrum-one platform address; bridged from coingecko coin 'magic' ethereum address 0xb0c7a3ba49c7a6eaba6cd4a96c55a1391070ac9a per arb_bridge_42161+arb_whitelist_era+arbed_coingecko),3659545,22.0,confirmed,1095,2023-10-01,coingecko:magic,1095,1095,0.0,True,0,0,2023-10-01,True,1096,1,0.99,False
0x498bf2b1e120fed3ad3d42ea2165e9b73f99c1e5,crvUSD,Curve.Fi USD Stablecoin,18,CRVUSD / USD,crvusd-usd,0x0a32255dd4bb6177c994baac73e0606fdd568f66,USD,medium,token_itself,crvUSD: the feed's base asset is this token (coingecko coin 'crvusd' arbitrum-one platform address; bridged from coingecko coin 'crvusd' ethereum address 0xf939e0a03fb07f59a73314e73794be0e57ac1b4e per arbed_coingecko),3305552,25.0,confirmed,1096,2023-10-01,coingecko:crvusd,1096,1096,0.0,True,0,0,2023-10-01,True,1096,0,0.99,False
0x11cdb42b0eb46d95f990bedd4695a6e3fa034978,CRV,Curve DAO Token,18,CRV / USD,crv-usd,0xaebda2c976cfd1ee1977eac079b4382acb849325,USD,low,token_itself,CRV: the feed's base asset is this token (coingecko coin 'curve-dao-token' arbitrum-one platform address; bridged from coingecko coin 'curve-dao-token' ethereum address 0xd533a949740bb3306d119cc777fa900ba034cd52 per arb_bridge_42161+arb_whitelist_era+arbed_coingecko+arbed_uniswap+uniswap_default),3073244,26.0,confirmed,1096,2023-10-01,coingecko:curve-dao-token,1096,1096,0.0,True,0,0,2023-10-01,True,1096,0,0.99,False
0xba5ddd1f9d7f570dc94a51479a000e3bce967196,AAVE,Aave Token,18,AAVE / USD,aave-usd,0xad1d5344aade45f43e596773bcc4c423eabdd034,USD,low,token_itself,AAVE: the feed's base asset is this token (coingecko coin 'aave' arbitrum-one platform address; bridged from coingecko coin 'aave' ethereum address 0x7fc66500c84a76ad7e9c93437bfc5ac33e2ddae9 per arbed_coingecko+arbed_uniswap+uniswap_default),3052287,27.0,confirmed,1096,2023-10-01,coingecko:aave,1096,1096,0.0,True,0,0,2023-10-01,True,1096,0,0.99,False
0x35751007a407ca6feffe80b3cb397736d2cf4dbe,weETH,Wrapped eETH,18,weETH / ETH,weeth-eth,0xe141425bc1594b8039de6390db1cdaf4397ea22b,ETH,medium,token_itself,weETH: the feed's base asset is this token (coingecko coin 'arbitrum-bridged-wrapped-eeth' arbitrum-one platform address; bridged from coingecko coin 'wrapped-eeth' ethereum address 0xcd5fe23c85820f7b72d0926fc9b05b43e359b7ee per arbed_coingecko),2419202,31.0,confirmed,385,2025-09-11,coingecko:wrapped-eeth,999,385,0.0007285489403978662,True,614,0,2024-01-05,True,1000,1,0.99,False
0x3082cc23568ea640225c2467653db90e9250aaa0,RDNT,Radiant,18,RDNT / USD,rdnt-usd,0x20d0fcab0ecfd078b036b6caf1fac69a6453b352,USD,medium,token_itself,RDNT: the feed's base asset is this token (coingecko coin 'radiant-capital' arbitrum-one platform address),1942206,35.0,confirmed,1096,2023-10-01,coingecko:radiant-capital,1096,1096,0.0,True,0,0,2023-10-01,True,1096,0,0.99,False
0xfa7f8980b0f1e64a2062791cc3b0871572f1f7f0,UNI,Uniswap,18,UNI / USD,uni-usd,0x9c917083fdb403ab5adbec26ee294f6ecada2720,USD,low,token_itself,UNI: the feed's base asset is this token (coingecko coin 'uniswap' arbitrum-one platform address; bridged from coingecko coin 'uniswap' ethereum address 0x1f9840a85d5af5bf1d1762f925bdaddc4201f984 per arb_bridge_42161+arb_whitelist_era+arbed_coingecko+arbed_uniswap+uniswap_default),1811832,37.0,confirmed,1096,2023-10-01,coingecko:uniswap,1096,1096,0.0,True,0,0,2023-10-01,True,1096,0,0.99,False
0xc87b37a581ec3257b734886d9d3a581f5a9d056c,ATH,Aethir Token,18,ATH / USD,ath-usd,0x920e09a98f83b82701207ba7e433a5b53ecb888a,USD,low,token_itself,ATH: the feed's base asset is this token (coingecko coin 'aethir' arbitrum-one platform address),1444799,43.0,confirmed,841,2024-06-12,coingecko:aethir,841,841,0.0,True,0,0,2024-06-12,True,841,0,0.99,False
0x1b896893dfc86bb67cf57767298b9073d2c1ba2c,Cake,PancakeSwap Token,18,CAKE / USD,cake-usd,0x256654437f1ada8057684b18d742efd14034c400,USD,low,token_itself,Cake: the feed's base asset is this token (coingecko coin 'pancakeswap-token' arbitrum-one platform address),1256352,50.0,confirmed,1096,2023-10-01,coingecko:pancakeswap-token,1096,1096,0.0,True,0,0,2023-10-01,True,1096,0,0.99,False
0x5d3a1ff2b6bab83b63cd9ad0787074081a52ef34,USDe,USDe,18,USDe / USD,usde-usd,0x88ac7bca36567525a866138f03a6f6844868e0bc,USD,low,token_itself,USDe: the feed's base asset is this token (coingecko coin 'ethena-usde' arbitrum-one platform address),1241477,51.0,confirmed,1014,2023-12-13,coingecko:ethena-usde,1014,1014,0.0,True,0,0,2023-12-13,True,1023,9,0.99,False
0x6c84a8f1c29108f47a79964b5fe888d4f4d0de40,tBTC,Arbitrum tBTC v2,18,TBTC / USD,tbtc-usd,0xe808488e8627f6531ba79a13a9e0271b39abeb1c,USD,medium,token_itself,tBTC: the feed's base asset is this token (coingecko coin 'tbtc' arbitrum-one platform address),851714,63.0,confirmed,1095,2023-10-01,coingecko:tbtc,1095,1095,0.0,True,0,0,2023-10-01,True,1096,1,0.99,False
0x25d887ce7a35172c62febfd67a1856f20faebb00,PEPE,Pepe,18,PEPE / USD,pepe-usd,0x02ded5a7edda750e3eb240b54437a54d57b74dbe,USD,low,token_itself,PEPE: the feed's base asset is this token (coingecko coin 'pepe' arbitrum-one platform address),764859,65.0,disputed,1096,2023-10-01,coingecko:pepe,1096,1096,0.0,True,0,0,2023-10-01,True,1096,0,0.99,False
0x17fc002b466eec40dae837fc4be5c67993ddbd6f,FRAX,Frax,18,FRAX / USD,frax-usd,0x0809e3d38d1b4214958faf06d8b1b1a2b73f2ab8,USD,medium,token_itself,FRAX: the feed's base asset is this token (coingecko coin 'frax' arbitrum-one platform address),749119,68.0,confirmed,1096,2023-10-01,coingecko:frax,1096,1096,0.0,True,0,0,2023-10-01,True,1096,0,0.99,False
0x13ad51ed4f1b7e9dc168d8a00cb3f4ddd85efa60,LDO,Lido DAO Token,18,LDO / USD,ldo-usd,0xa43a34030088e6510feccfb77e88ee5e7ed0fe64,USD,low,token_itself,LDO: the feed's base asset is this token (coingecko coin 'lido-dao' arbitrum-one platform address; bridged from coingecko coin 'lido-dao' ethereum address 0x5a98fcbea516cf06857215779fd812ca3bef1b32 per arbed_coingecko+arbed_uniswap+uniswap_default),678713,70.0,confirmed,1096,2023-10-01,coingecko:lido-dao,1096,1096,0.0,True,0,0,2023-10-01,True,1096,0,0.99,False
0xec70dcb4a1efa46b8f2d97c310c9c4790ba5ffa8,rETH,Rocket Pool ETH,18,RETH / ETH,reth-eth,0xd6ab2298946840262fcc278ff31516d39ff611ef,ETH,medium,token_itself,rETH: the feed's base asset is this token (coingecko coin 'rocket-pool-eth' arbitrum-one platform address; bridged from coingecko coin 'rocket-pool-eth' ethereum address 0xae78736cd615f374d3085123a210448e74fc6393 per arbed_coingecko),556747,83.0,confirmed,1095,2023-10-01,coingecko:rocket-pool-eth,1095,1095,0.0,True,0,0,2023-10-01,True,1096,1,0.99,False
0xcafcd85d8ca7ad1e1c6f82f651fa15e33aefd07b,WOO,Wootrade Network,18,WOO / USD,woo-usd,0x5e2b5c5c07cca3437c4d724225bb42c7e55d1597,USD,medium,token_itself,WOO: the feed's base asset is this token (coingecko coin 'woo-network' arbitrum-one platform address; bridged from coingecko coin 'woo-network' ethereum address 0x4691937a7508860f876c9c0a2a617e7d9e945d4b per arb_bridge_42161+arb_whitelist_era+arbed_coingecko+arbed_uniswap+uniswap_default),480839,94.0,confirmed,1095,2023-10-01,coingecko:woo-network,1095,1095,0.0,True,0,0,2023-10-01,True,1096,1,0.99,False
0x7dff72693f6a4149b17e7c6314655f6a9f7c8b33,GHO,Gho Token,18,GHO / USD,gho-usd,0x3c786e934f23375ca345c9b8d5ad54838796e8e7,USD,medium,token_itself,GHO: the feed's base asset is this token (coingecko coin 'gho' arbitrum-one platform address),371834,122.0,confirmed,1094,2023-10-01,coingecko:gho,1094,1094,0.0,True,0,0,2023-10-01,True,1096,2,0.99,False
0x354a6da3fcde098f8389cad84b0182725c6c91de,COMP,Compound,18,COMP / USD,comp-usd,0xe7c53ffd03eb6cef7d208bc4c13446c76d1e5884,USD,low,token_itself,COMP: the feed's base asset is this token (coingecko coin 'compound-governance-token' arbitrum-one platform address; bridged from coingecko coin 'compound-governance-token' ethereum address 0xc00e94cb662c3520282e6f5717214004a7f26888 per arb_bridge_42161+arb_whitelist_era+arbed_coingecko+arbed_uniswap+uniswap_default),357192,126.0,confirmed,1096,2023-10-01,coingecko:compound-governance-token,1096,1096,0.0,True,0,0,2023-10-01,True,1096,0,0.99,False
0xd4d42f0b6def4ce0383636770ef773390d85c61a,SUSHI,SushiToken,18,SUSHI / USD,sushi-usd,0xb2a8ba74cbca38508ba1632761b56c897060147c,USD,low,token_itself,SUSHI: the feed's base asset is this token (coingecko coin 'sushi' arbitrum-one platform address; bridged from coingecko coin 'sushi' ethereum address 0x6b3595068778dd592e39a122f4f5a5cf09c90fe2 per arb_bridge_42161+arb_whitelist_era+arbed_coingecko+arbed_uniswap+uniswap_default),290762,148.0,confirmed,1095,2023-10-01,coingecko:sushi,1095,1095,0.0,True,0,0,2023-10-01,True,1096,1,0.99,False
0x1debd73e752beaf79865fd6446b0c970eae7732f,cbETH,Coinbase Wrapped Staked ETH,18,CBETH / ETH,cbeth-eth,0xa668682974e3f121185a3cd94f00322bec674275,ETH,medium,token_itself,cbETH: the feed's base asset is this token (coingecko coin 'coinbase-wrapped-staked-eth' arbitrum-one platform address; bridged from coingecko coin 'coinbase-wrapped-staked-eth' ethereum address 0xbe9895146f7af43049ca1c1ae358b0541ea49704 per arbed_coingecko+arbed_uniswap+uniswap_default),188056,194.0,confirmed,1096,2023-10-01,coingecko:coinbase-wrapped-staked-eth,1096,1096,0.0,True,0,0,2023-10-01,True,1096,0,0.99,False
0x46850ad61c2b7d64d08c9c754f45254596696984,PYUSD,PayPal USD,6,PYUSD / USD,pyusd-usd,0x3d50d699a812a0f66f36876df47b2ae68e781736,USD,low,token_itself,PYUSD: the feed's base asset is this token (coingecko coin 'paypal-usd' arbitrum-one platform address),155042,225.0,confirmed,1096,2023-10-01,coingecko:paypal-usd,1096,1096,0.0,True,0,0,2023-10-01,True,1096,0,0.99,False
0x211cc4dd073734da055fbf44a2b4667d5e5fe5d2,sUSDe,Staked USDe,18,sUSDe / USD,susde-usd,0xf2215b9c35b1697b5f47e407c917a40d055e68d7,USD,low,token_itself,sUSDe: the feed's base asset is this token (coingecko coin 'ethena-staked-usde' arbitrum-one platform address),91152,317.0,confirmed,925,2024-03-20,coingecko:ethena-staked-usde,925,925,0.0,True,0,0,2024-03-20,True,925,0,0.99,False
0x3e6648c5a70a150a88bce65f4ad4d506fe15d2af,SPELL,Spell Token,18,SPELL / USD,spell-usd,0x383b3624478124697bef675f07ca37570b73992f,USD,medium,token_itself,SPELL: the feed's base asset is this token (coingecko coin 'spell-token' arbitrum-one platform address; bridged from coingecko coin 'spell-token' ethereum address 0x090185f2135308bad17527004364ebcc2d37e5f6 per arb_bridge_42161+arb_whitelist_era+arbed_coingecko+arbed_uniswap+uniswap_default),74974,367.0,confirmed,1095,2023-10-01,coingecko:spell-token,1095,1095,0.0,True,0,0,2023-10-01,True,1096,1,0.99,False
0x6491c05a82219b8d1479057361ff1654749b876b,USDS,USDS Stablecoin,18,USDS / USD,usds-usd,0x37833e5b3fbbed4d613a3e0c354ef91a42b81eeb,USD,medium,token_itself,USDS: the feed's base asset is this token (coingecko coin 'usds' arbitrum-one platform address; bridged from coingecko coin 'usds' ethereum address 0xdc035d45d973e3ec169d2276ddab16f1e407384f per arbed_coingecko+arbed_uniswap+uniswap_default),53592,480.0,confirmed,735,2024-09-24,coingecko:usds,735,735,0.0,True,0,0,2024-09-24,True,737,2,0.99,False
0xca5ca9083702c56b481d1eec86f1776fdbd2e594,RSR,Reserve Rights,18,RSR / USD,rsr-usd,0xcff9349ec6d027f20fc9360117fef4a1ad38b488,USD,medium,token_itself,RSR: the feed's base asset is this token (coingecko coin 'reserve-rights-token' arbitrum-one platform address; bridged from coingecko coin 'reserve-rights-token' ethereum address 0x320623b8e4ff03373931769a31fc52a4e78b5d70 per arbed_coingecko+arbed_uniswap+uniswap_default),39256,583.0,confirmed,1096,2023-10-01,coingecko:reserve-rights-token,1096,1096,0.0,True,0,0,2023-10-01,True,1096,0,0.99,False
0x40bd670a58238e6e230c430bbb5ce6ec0d40df48,MORPHO,Morpho Token,18,MORPHO / USD,morpho-usd,0x1e48733eeee02468b674b69958b046eb6a0a7d94,USD,medium,token_itself,MORPHO: the feed's base asset is this token (coingecko coin 'morpho' arbitrum-one platform address),38926,588.0,confirmed,679,2024-11-21,coingecko:morpho,679,679,0.0,True,0,0,2024-11-21,True,679,0,0.99,False
0x74885b4d524d497261259b38900f54e6dbad2210,APE,ApeCoin,18,APE / USD,ape-usd,0x221912ce795669f628c51c69b7d0873eda9c03bb,USD,low,canonical_bridge,APE: Arbitrum canonical-gateway copy of Ethereum ApeCoin,23211,768.0,confirmed,0,,coingecko:apecoin,1096,0,,False,0,0,,False,0,0,,False
0x23ee2343b892b1bb63503a4fabc840e0e2c6810f,AXL,Axelar,6,AXL / USD,axl-usd,0x84e8237cc1418ea1b4a1e0c3e7f48c3a5fbc81af,USD,medium,token_itself,AXL: the feed's base asset is this token (coingecko coin 'axelar' arbitrum-one platform address; bridged from coingecko coin 'axelar' ethereum address 0x467719ad09025fcc6cf6f8311755809d45a5e5f3 per uniswap_default),15977,919.0,confirmed,1095,2023-10-01,coingecko:axelar,1095,1095,0.0,True,0,0,2023-10-01,True,1096,1,0.99,False
0x35e6a59f786d9266c7961ea28c7b768b33959cbb,PEPE,Pepe,18,PEPE / USD,pepe-usd,0x02ded5a7edda750e3eb240b54437a54d57b74dbe,USD,low,canonical_bridge,PEPE: Arbitrum canonical-gateway copy of Ethereum PEPE,14110,958.0,confirmed,0,,coingecko:pepe,1096,0,,False,0,0,,False,0,0,,False
0x6314c31a7a1652ce482cffe247e9cb7c3f4bb9af,1INCH,1INCH Token,18,1INCH / USD,1inch-usd,0x4bc735ef24bf286983024cad5d03f0738865aaef,USD,medium,token_itself,1INCH: the feed's base asset is this token (coingecko coin '1inch' arbitrum-one platform address; bridged from coingecko coin '1inch' ethereum address 0x111111111117dc0aa78b770fa6a738034120c302 per arbed_coingecko+arbed_uniswap+uniswap_default),5299,1498.0,confirmed,1096,2023-10-01,coingecko:1inch,1096,1096,0.0,True,0,0,2023-10-01,True,1096,0,0.99,False
0x58538e6a46e07434d7e7375bc268d3cb839c0133,ENA,ENA,18,ENA / USD,ena-usd,0x9ee96caa9972c801058caa8e23419fc6516fbf7e,USD,low,token_itself,ENA: the feed's base asset is this token (coingecko coin 'ethena' arbitrum-one platform address),4298,1639.0,confirmed,912,2024-04-02,coingecko:ethena,912,912,0.0,True,0,0,2024-04-02,True,912,0,0.99,False
0xfeb4dfc8c4cf7ed305bb08065d08ec6ee6728429,PAXG,Paxos Gold,18,PAXG / USD,paxg-usd,0x2ba975d4d7922cd264267af16f3bd177f206fe3c,USD,low,token_itself,PAXG: the feed's base asset is this token (Arbitrum token list(s) arbed_coingecko+arbed_uniswap: bridged from coingecko coin 'pax-gold' ethereum address 0x45804880de22913dafe09f4980848ece6ecbaf78),3197,1913.0,confirmed,1095,2023-10-01,coingecko:pax-gold,1095,1095,0.0,True,0,0,2023-10-01,True,1096,1,0.99,False
0x82e3a8f066a6989666b031d916c43672085b1582,YFI,yearn.finance,18,YFI / USD,yfi-usd,0x745ab5b69e01e2be1104ca84937bb71f96f5fb21,USD,medium,token_itself,YFI: the feed's base asset is this token (coingecko coin 'yearn-finance' arbitrum-one platform address; bridged from coingecko coin 'yearn-finance' ethereum address 0x0bc529c00c6401aef6d220be8c6ea1667f6ad93e per arb_bridge_42161+arb_whitelist_era+arbed_coingecko+arbed_uniswap+uniswap_default),2403,2294.0,confirmed,1094,2023-10-01,coingecko:yearn-finance,1094,1094,0.0,True,0,0,2023-10-01,True,1096,2,0.99,False
0xcba56cd8216fcbbf3fa6df6137f3147cbca37d60,SNX,Synthetix Network Token,18,SNX / USD,snx-usd,0x054296f0d036b95531b4e14afb578b80cfb41252,USD,medium,token_itself,SNX: the feed's base asset is this token (Arbitrum token list(s) arbed_coingecko+arbed_uniswap+uniswap_default: bridged from coingecko coin 'havven' ethereum address 0xc011a73ee8576fb46f5e1c5751ca3b9fe0af2a6f),865,4170.0,confirmed,0,,coingecko:havven,1096,0,,False,0,0,,False,0,0,,False
0x863708032b5c328e11abcbc0df9d79c71fc52a48,EUROC,Euro Coin,6,EURC / USD,eurc-usd,0xcf9752295d0ac9215461fa095fafec1b854b849b,USD,low,token_itself,EUROC: the feed's base asset is this token (Arbitrum token list(s) arbed_coingecko+arbed_uniswap+uniswap_default: bridged from coingecko coin 'euro-coin' ethereum address 0x1abaea1f7c830bd89acc67ec4af516284b1bc33c),72,10398.0,confirmed,0,,coingecko:euro-coin,1095,0,,False,0,0,,False,0,0,,False
0x5033833c9fe8b9d3e09eed2f73d2aaf7e3872fd1,SHIB,SHIBA INU,18,SHIB / USD,shib-usd,0x0e278d14b4bf6429ddb0a1b353e2ae8a4e128c93,USD,low,token_itself,SHIB: the feed's base asset is this token (Arbitrum token list(s) arbed_coingecko+arbed_uniswap+uniswap_default: bridged from coingecko coin 'shiba-inu' ethereum address 0x95ad61b0a150d79219dcf64e1e6cc01f0b64c4ce),48,12576.0,confirmed,0,,coingecko:shiba-inu,1096,0,,False,0,0,,False,0,0,,False
0x7550de0a4b9fb8caba8c32e72ee356afdd217a33,USD1,World Liberty Financial USD,18,USD1 / USD,usd1-usd,0xcac0138592090762385ccb7bb94c9401f734eb30,USD,low,token_itself,USD1: the feed's base asset is this token (Arbitrum token list(s) arbed_coingecko+arbed_uniswap+uniswap_default: bridged from coingecko coin 'usd1-wlfi' ethereum address 0x8d0d000ee44948fc98c9b98a4fa4921476f08b0d),18,20313.0,disputed,0,,coingecko:usd1-wlfi,538,0,,False,0,0,,False,0,0,,False
0x7468a5d8e02245b00e8c0217fce021c70bc51305,FRAX,Frax,18,FRAX / USD,frax-usd,0x0809e3d38d1b4214958faf06d8b1b1a2b73f2ab8,USD,medium,canonical_bridge,FRAX: Arbitrum canonical-gateway copy of Ethereum FRAX,11,26392.0,confirmed,0,,coingecko:frax,1096,0,,False,0,0,,False,0,0,,False
0xdf8f0c63d9335a0abd89f9f752d293a98ea977d8,ENA,ENA,18,ENA / USD,ena-usd,0x9ee96caa9972c801058caa8e23419fc6516fbf7e,USD,low,canonical_bridge,ENA: Arbitrum canonical-gateway copy of Ethereum ENA,8,32716.0,confirmed,0,,coingecko:ethena,912,0,,False,0,0,,False,0,0,,False
0xc7def82ba77baf30bbbc9b6162dc075b49092fb4,ATH,Aethir Token,18,ATH / USD,ath-usd,0x920e09a98f83b82701207ba7e433a5b53ecb888a,USD,low,canonical_bridge,ATH: Arbitrum canonical-gateway copy of Ethereum ATH (Aethir),5,40558.0,confirmed,0,,coingecko:aethir,841,0,,False,0,0,,False,0,0,,False
0xe390c0b46bd723995be02640e6f1e1c802f620ac,MORPHO,Morpho Token,18,MORPHO / USD,morpho-usd,0x1e48733eeee02468b674b69958b046eb6a0a7d94,USD,medium,canonical_bridge,MORPHO: Arbitrum canonical-gateway copy of Ethereum MORPHO,5,42547.0,confirmed,0,,coingecko:morpho,679,0,,False,0,0,,False,0,0,,False
0xe88998fb579266628af6a03e3821d5983e5d0089,AXS,Axie Infinity Shard,18,AXS / USD,axs-usd,0x5b58aa6e0651ae311864876a55411f481ad86080,USD,medium,token_itself,AXS: the feed's base asset is this token (Arbitrum token list(s) arbed_coingecko+arbed_uniswap+uniswap_default: bridged from coingecko coin 'axie-infinity' ethereum address 0xbb0e17ef65f82ab018d8edd776e8dd940327b28b),5,40848.0,disputed,0,,coingecko:axie-infinity,1094,0,,False,0,0,,False,0,0,,False
0x327006c8712fe0abdbbd55b7999db39b0967342e,PYUSD,PayPal USD,6,PYUSD / USD,pyusd-usd,0x3d50d699a812a0f66f36876df47b2ae68e781736,USD,low,canonical_bridge,PYUSD: Arbitrum canonical-gateway copy of Paxos's Ethereum PYUSD,4,51669.0,confirmed,0,,coingecko:paypal-usd,1096,0,,False,0,0,,False,0,0,,False
0x7e2a1edee171c5b19e6c54d73752396c0a572594,tBTC,tBTC v2,18,TBTC / USD,tbtc-usd,0xe808488e8627f6531ba79a13a9e0271b39abeb1c,USD,medium,canonical_bridge,tBTC: Arbitrum canonical-gateway copy of Threshold's Ethereum tBTC,4,51028.0,disputed,0,,coingecko:tbtc,1095,0,,False,0,0,,False,0,0,,False
0x9c1a1c7ba9c2602123fd7ef3eb41a769edf6c53a,MNT,Mantle,18,MNT / USD,mnt-usd,0x37ddee84de03d039e1bf809b7a01edd2c4665771,USD,low,token_itself,MNT: the feed's base asset is this token (Arbitrum token list(s) arbed_coingecko+arbed_uniswap+uniswap_default: bridged from coingecko coin 'mantle' ethereum address 0x3c3a81e81dc49a522a592e7622a7e711c06bf354),4,51646.0,confirmed,0,,coingecko:mantle,1096,0,,False,0,0,,False,0,0,,False
0xaafcfd42c9954c6689ef1901e03db742520829c5,CVX,Convex Token,18,CVX / USD,cvx-usd,0x851175a919f36c8e30197c09a9a49da932c2cc00,USD,low,token_itself,CVX: the feed's base asset is this token (Arbitrum token list(s) arbed_coingecko+arbed_uniswap+uniswap_default: bridged from coingecko coin 'convex-finance' ethereum address 0x4e3fbd56cd56c3e72c1403e103b45db9da5b9d2b),4,51741.0,confirmed,0,,coingecko:convex-finance,1096,0,,False,0,0,,False,0,0,,False
0x8ea3156f834a0dfc78f1a5304fac2cda676f354c,CRO,CRO,8,CRO / USD,cro-usd,0xea320e4d688b143a3bfbf1b4a5cc4b986fca086c,USD,medium,token_itself,CRO: the feed's base asset is this token (Arbitrum token list(s) arbed_coingecko+arbed_uniswap+uniswap_default: bridged from coingecko coin 'crypto-com-chain' ethereum address 0xa0b73e1ff0b80914ab6fe0444e65848c4c34450b),3,55339.0,confirmed,0,,coingecko:crypto-com-chain,1094,0,,False,0,0,,False,0,0,,False
0x044d8e7f3a17751d521efea8ccf9282268fe08cc,POL,Polygon Ecosystem Token,18,POL / USD,pol-usd,0x82ba56a2fadf9c14f17d08bc51bda0bdb83a8934,USD,low,token_itself,POL: the feed's base asset is this token (Arbitrum token list(s) arbed_coingecko+arbed_uniswap+uniswap_default: bridged from coingecko coin 'polygon-ecosystem-token' ethereum address 0x455e53cbb86018ac2b8092fdcd39d8444affc3f6),2,89211.0,confirmed,0,,coingecko:polygon-ecosystem-token,1071,0,,False,0,0,,False,0,0,,False
0x73efdc761596328461b68e5fc58c3284cb15ba13,PLUME,Plume,18,PLUME / USD,plume-usd,0x004f214586cafe0f1321ad13a93bca77c385b196,USD,low,token_itself,PLUME: the feed's base asset is this token (Arbitrum token list(s) arbed_coingecko+arbed_uniswap+uniswap_default: bridged from coingecko coin 'plume' ethereum address 0x4c1746a800d224393fe2470c70a35717ed4ea5f1),2,87684.0,confirmed,0,,coingecko:plume,618,0,,False,0,0,,False,0,0,,False
0x004b506865409877c9fa29bfb1eba929984b9bbc,USDG,Global Dollar,6,USDG / USD,usdg-usd,0xe9bd4ca2cdacb56cd06c9c4c5231e69c33340b3c,USD,medium,token_itself,USDG: the feed's base asset is this token (coingecko coin 'global-dollar' arbitrum-one platform address),1,115256.0,confirmed,693,2024-11-05,coingecko:global-dollar,693,693,0.0,True,0,0,2024-11-05,True,695,2,0.99,False
