block_timestamp,block_number,transaction_hash,token_address,from_address,to_address,value
2025-02-15 00:00:00+00:00,24000000,0xdef,0xa0b86991c6218b36c1d19d4a2e9eb0ce3606eb48,0x1111111111111111111111111111111111111111,0x2222222222222222222222222222222222222222,1000000000
2025-02-15 00:00:00+00:00,24000000,0xdef,0xdac17f958d2ee523a2206206994597c13d831ec7,0x2222222222222222222222222222222222222222,0x3333333333333333333333333333333333333333,2000000000
2025-02-15 00:00:00+00:00,24000000,0xdef,0xa0b86991c6218b36c1d19d4a2e9eb0ce3606eb48,0x3333333333333333333333333333333333333333,0x4444444444444444444444444444444444444444,3000000000
2025-02-15 00:00:00+00:00,24000000,0xdef,0xdac17f958d2ee523a2206206994597c13d831ec7,0x4444444444444444444444444444444444444444,0x1111111111111111111111111111111111111111,4000000000
2025-02-15 00:00:00+00:00,24000000,0xdef,0xa0b86991c6218b36c1d19d4a2e9eb0ce3606eb48,0x1111111111111111111111111111111111111111,0x2222222222222222222222222222222222222222,5000000000
2025-02-15 00:00:00+00:00,24000000,0xdef,0xdac17f958d2ee523a2206206994597c13d831ec7,0x2222222222222222222222222222222222222222,0x3333333333333333333333333333333333333333,6000000000
2025-02-15 00:00:00+00:00,24000000,0xdef,0xa0b86991c6218b36c1d19d4a2e9eb0ce3606eb48,0x3333333333333333333333333333333333333333,0x4444444444444444444444444444444444444444,7000000000
2025-02-15 00:00:00+00:00,24000000,0xdef,0xdac17f958d2ee523a2206206994597c13d831ec7,0x4444444444444444444444444444444444444444,0x1111111111111111111111111111111111111111,8000000000
2025-02-15 00:00:00+00:00,24000000,0xdef,0xa0b86991c6218b36c1d19d4a2e9eb0ce3606eb48,0x1111111111111111111111111111111111111111,0x2222222222222222222222222222222222222222,9000000000
2025-02-15 00:00:00+00:00,24000000,0xdef,0xdac17f958d2ee523a2206206994597c13d831ec7,0x2222222222222222222222222222222222222222,0x3333333333333333333333333333333333333333,10000000000
2025-02-15 00:00:00+00:00,24000000,0xdef,0xa0b86991c6218b36c1d19d4a2e9eb0ce3606eb48,0x3333333333333333333333333333333333333333,0x4444444444444444444444444444444444444444,11000000000
2025-02-15 00:00:00+00:00,24000000,0xdef,0xdac17f958d2ee523a2206206994597c13d831ec7,0x4444444444444444444444444444444444444444,0x1111111111111111111111111111111111111111,12000000000
2025-02-15 00:00:00+00:00,24000000,0xdef,0xa0b86991c6218b36c1d19d4a2e9eb0ce3606eb48,0x1111111111111111111111111111111111111111,0x2222222222222222222222222222222222222222,13000000000
2025-02-15 00:00:00+00:00,24000000,0xdef,0xdac17f958d2ee523a2206206994597c13d831ec7,0x2222222222222222222222222222222222222222,0x3333333333333333333333333333333333333333,14000000000
2025-02-15 00:00:00+00:00,24000000,0xdef,0xa0b86991c6218b36c1d19d4a2e9eb0ce3606eb48,0x3333333333333333333333333333333333333333,0x4444444444444444444444444444444444444444,15000000000
2025-02-15 00:00:00+00:00,24000000,0xdef,0xdac17f958d2ee523a2206206994597c13d831ec7,0x4444444444444444444444444444444444444444,0x1111111111111111111111111111111111111111,16000000000
2025-02-15 00:00:00+00:00,24000000,0xdef,0xa0b86991c6218b36c1d19d4a2e9eb0ce3606eb48,0x1111111111111111111111111111111111111111,0x2222222222222222222222222222222222222222,17000000000
2025-02-15 00:00:00+00:00,24000000,0xdef,0xdac17f958d2ee523a2206206994597c13d831ec7,0x2222222222222222222222222222222222222222,0x3333333333333333333333333333333333333333,18000000000
2025-02-15 00:00:00+00:00,24000000,0xdef,0xa0b86991c6218b36c1d19d4a2e9eb0ce3606eb48,0x3333333333333333333333333333333333333333,0x4444444444444444444444444444444444444444,19000000000
2025-02-15 00:00:00+00:00,24000000,0xdef,0xdac17f958d2ee523a2206206994597c13d831ec7,0x4444444444444444444444444444444444444444,0x1111111111111111111111111111111111111111,20000000000
2025-02-15 00:00:00+00:00,24000000,0xdef,0xa0b86991c6218b36c1d19d4a2e9eb0ce3606eb48,0x1111111111111111111111111111111111111111,0x2222222222222222222222222222222222222222,21000000000
2025-02-15 00:00:00+00:00,24000000,0xdef,0xdac17f958d2ee523a2206206994597c13d831ec7,0x2222222222222222222222222222222222222222,0x3333333333333333333333333333333333333333,22000000000
2025-02-15 00:00:00+00:00,24000000,0xdef,0xa0b86991c6218b36c1d19d4a2e9eb0ce3606eb48,0x3333333333333333333333333333333333333333,0x4444444444444444444444444444444444444444,23000000000
2025-02-15 00:00:00+00:00,24000000,0xdef,0xdac17f958d2ee523a2206206994597c13d831ec7,0x4444444444444444444444444444444444444444,0x1111111111111111111111111111111111111111,24000000000
2025-02-15 00:00:00+00:00,24000000,0xdef,0xa0b86991c6218b36c1d19d4a2e9eb0ce3606eb48,0x1111111111111111111111111111111111111111,0x2222222222222222222222222222222222222222,25000000000
2025-02-15 00:00:00+00:00,24000000,0xdef,0xdac17f958d2ee523a2206206994597c13d831ec7,0x2222222222222222222222222222222222222222,0x3333333333333333333333333333333333333333,26000000000
2025-02-15 00:00:00+00:00,24000000,0xdef,0xa0b86991c6218b36c1d19d4a2e9eb0ce3606eb48,0x3333333333333333333333333333333333333333,0x4444444444444444444444444444444444444444,27000000000
2025-02-15 00:00:00+00:00,24000000,0xdef,0xdac17f958d2ee523a2206206994597c13d831ec7,0x4444444444444444444444444444444444444444,0x1111111111111111111111111111111111111111,28000000000
2025-02-15 00:00:00+00:00,24000000,0xdef,0xa0b86991c6218b36c1d19d4a2e9eb0ce3606eb48,0x1111111111111111111111111111111111111111,0x2222222222222222222222222222222222222222,29000000000
2025-02-15 00:00:00+00:00,24000000,0xdef,0xdac17f958d2ee523a2206206994597c13d831ec7,0x2222222222222222222222222222222222222222,0x3333333333333333333333333333333333333333,30000000000
2025-02-15 00:00:00+00:00,24000000,0xdef,0xa0b86991c6218b36c1d19d4a2e9eb0ce3606eb48,0x3333333333333333333333333333333333333333,0x4444444444444444444444444444444444444444,31000000000
2025-02-15 00:00:00+00:00,24000000,0xdef,0xdac17f958d2ee523a2206206994597c13d831ec7,0x4444444444444444444444444444444444444444,0x1111111111111111111111111111111111111111,32000000000
2025-02-15 00:00:00+00:00,24000000,0xdef,0xa0b86991c6218b36c1d19d4a2e9eb0ce3606eb48,0x1111111111111111111111111111111111111111,0x2222222222222222222222222222222222222222,33000000000
2025-02-15 00:00:00+00:00,24000000,0xdef,0xdac17f958d2ee523a2206206994597c13d831ec7,0x2222222222222222222222222222222222222222,0x3333333333333333333333333333333333333333,34000000000
2025-02-15 00:00:00+00:00,24000000,0xdef,0xa0b86991c6218b36c1d19d4a2e9eb0ce3606eb48,0x3333333333333333333333333333333333333333,0x4444444444444444444444444444444444444444,35000000000
2025-02-15 00:00:00+00:00,24000000,0xdef,0xdac17f958d2ee523a2206206994597c13d831ec7,0x4444444444444444444444444444444444444444,0x1111111111111111111111111111111111111111,36000000000
2025-02-15 00:00:00+00:00,24000000,0xdef,0xa0b86991c6218b36c1d19d4a2e9eb0ce3606eb48,0x1111111111111111111111111111111111111111,0x2222222222222222222222222222222222222222,37000000000
2025-02-15 00:00:00+00:00,24000000,0xdef,0xdac17f958d2ee523a2206206994597c13d831ec7,0x2222222222222222222222222222222222222222,0x3333333333333333333333333333333333333333,38000000000
2025-02-15 00:00:00+00:00,24000000,0xdef,0xa0b86991c6218b36c1d19d4a2e9eb0ce3606eb48,0x3333333333333333333333333333333333333333,0x4444444444444444444444444444444444444444,39000000000
2025-02-15 00:00:00+00:00,24000000,0xdef,0xdac17f958d2ee523a2206206994597c13d831ec7,0x4444444444444444444444444444444444444444,0x1111111111111111111111111111111111111111,40000000000
2025-02-15 00:00:00+00:00,24000000,0xdef,0xa0b86991c6218b36c1d19d4a2e9eb0ce3606eb48,0x1111111111111111111111111111111111111111,0x2222222222222222222222222222222222222222,41000000000
2025-02-15 00:00:00+00:00,24000000,0xdef,0xdac17f958d2ee523a2206206994597c13d831ec7,0x2222222222222222222222222222222222222222,0x3333333333333333333333333333333333333333,42000000000
2025-02-15 00:00:00+00:00,24000000,0xdef,0xa0b86991c6218b36c1d19d4a2e9eb0ce3606eb48,0x3333333333333333333333333333333333333333,0x4444444444444444444444444444444444444444,43000000000
2025-02-15 00:00:00+00:00,24000000,0xdef,0xdac17f958d2ee523a2206206994597c13d831ec7,0x4444444444444444444444444444444444444444,0x1111111111111111111111111111111111111111,44000000000
2025-02-15 00:00:00+00:00,24000000,0xdef,0xa0b86991c6218b36c1d19d4a2e9eb0ce3606eb48,0x1111111111111111111111111111111111111111,0x2222222222222222222222222222222222222222,45000000000
2025-02-15 00:00:00+00:00,24000000,0xdef,0xdac17f958d2ee523a2206206994597c13d831ec7,0x2222222222222222222222222222222222222222,0x3333333333333333333333333333333333333333,46000000000
2025-02-15 00:00:00+00:00,24000000,0xdef,0xa0b86991c6218b36c1d19d4a2e9eb0ce3606eb48,0x3333333333333333333333333333333333333333,0x4444444444444444444444444444444444444444,47000000000
2025-02-15 00:00:00+00:00,24000000,0xdef,0xdac17f958d2ee523a2206206994597c13d831ec7,0x4444444444444444444444444444444444444444,0x1111111111111111111111111111111111111111,48000000000
2025-02-15 00:00:00+00:00,24000000,0xdef,0xa0b86991c6218b36c1d19d4a2e9eb0ce3606eb48,0x1111111111111111111111111111111111111111,0x2222222222222222222222222222222222222222,49000000000
2025-02-15 00:00:00+00:00,24000000,0xdef,0xdac17f958d2ee523a2206206994597c13d831ec7,0x2222222222222222222222222222222222222222,0x3333333333333333333333333333333333333333,50000000000
2025-02-15 00:00:00+00:00,24000000,0xdef,0xa0b86991c6218b36c1d19d4a2e9eb0ce3606eb48,0x3333333333333333333333333333333333333333,0x4444444444444444444444444444444444444444,51000000000
2025-02-15 00:00:00+00:00,24000000,0xdef,0xdac17f958d2ee523a2206206994597c13d831ec7,0x4444444444444444444444444444444444444444,0x1111111111111111111111111111111111111111,52000000000
2025-02-15 00:00:00+00:00,24000000,0xdef,0xa0b86991c6218b36c1d19d4a2e9eb0ce3606eb48,0x1111111111111111111111111111111111111111,0x2222222222222222222222222222222222222222,53000000000
2025-02-15 00:00:00+00:00,24000000,0xdef,0xdac17f958d2ee523a2206206994597c13d831ec7,0x2222222222222222222222222222222222222222,0x3333333333333333333333333333333333333333,54000000000
2025-02-15 00:00:00+00:00,24000000,0xdef,0xa0b86991c6218b36c1d19d4a2e9eb0ce3606eb48,0x3333333333333333333333333333333333333333,0x4444444444444444444444444444444444444444,55000000000
2025-02-15 00:00:00+00:00,24000000,0xdef,0xdac17f958d2ee523a2206206994597c13d831ec7,0x4444444444444444444444444444444444444444,0x1111111111111111111111111111111111111111,56000000000
2025-02-15 00:00:00+00:00,24000000,0xdef,0xa0b86991c6218b36c1d19d4a2e9eb0ce3606eb48,0x1111111111111111111111111111111111111111,0x2222222222222222222222222222222222222222,57000000000
2025-02-15 00:00:00+00:00,24000000,0xdef,0xdac17f958d2ee523a2206206994597c13d831ec7,0x2222222222222222222222222222222222222222,0x3333333333333333333333333333333333333333,58000000000
2025-02-15 00:00:00+00:00,24000000,0xdef,0xa0b86991c6218b36c1d19d4a2e9eb0ce3606eb48,0x3333333333333333333333333333333333333333,0x4444444444444444444444444444444444444444,59000000000
2025-02-15 00:00:00+00:00,24000000,0xdef,0xdac17f958d2ee523a2206206994597c13d831ec7,0x4444444444444444444444444444444444444444,0x1111111111111111111111111111111111111111,60000000000
2025-02-15 00:00:00+00:00,24000000,0xdef,0xa0b86991c6218b36c1d19d4a2e9eb0ce3606eb48,0x1111111111111111111111111111111111111111,0x2222222222222222222222222222222222222222,61000000000
2025-02-15 00:00:00+00:00,24000000,0xdef,0xdac17f958d2ee523a2206206994597c13d831ec7,0x2222222222222222222222222222222222222222,0x3333333333333333333333333333333333333333,62000000000
2025-02-15 00:00:00+00:00,24000000,0xdef,0xa0b86991c6218b36c1d19d4a2e9eb0ce3606eb48,0x3333333333333333333333333333333333333333,0x4444444444444444444444444444444444444444,63000000000
2025-02-15 00:00:00+00:00,24000000,0xdef,0xdac17f958d2ee523a2206206994597c13d831ec7,0x4444444444444444444444444444444444444444,0x1111111111111111111111111111111111111111,64000000000
2025-02-15 00:00:00+00:00,24000000,0xdef,0xa0b86991c6218b36c1d19d4a2e9eb0ce3606eb48,0x1111111111111111111111111111111111111111,0x2222222222222222222222222222222222222222,65000000000
2025-02-15 00:00:00+00:00,24000000,0xdef,0xdac17f958d2ee523a2206206994597c13d831ec7,0x2222222222222222222222222222222222222222,0x3333333333333333333333333333333333333333,66000000000
2025-02-15 00:00:00+00:00,24000000,0xdef,0xa0b86991c6218b36c1d19d4a2e9eb0ce3606eb48,0x3333333333333333333333333333333333333333,0x4444444444444444444444444444444444444444,67000000000
2025-02-15 00:00:00+00:00,24000000,0xdef,0xdac17f958d2ee523a2206206994597c13d831ec7,0x4444444444444444444444444444444444444444,0x1111111111111111111111111111111111111111,68000000000
2025-02-15 00:00:00+00:00,24000000,0xdef,0xa0b86991c6218b36c1d19d4a2e9eb0ce3606eb48,0x1111111111111111111111111111111111111111,0x2222222222222222222222222222222222222222,69000000000
2025-02-15 00:00:00+00:00,24000000,0xdef,0xdac17f958d2ee523a2206206994597c13d831ec7,0x2222222222222222222222222222222222222222,0x3333333333333333333333333333333333333333,70000000000
2025-02-15 00:00:00+00:00,24000000,0xdef,0xa0b86991c6218b36c1d19d4a2e9eb0ce3606eb48,0x3333333333333333333333333333333333333333,0x4444444444444444444444444444444444444444,71000000000
2025-02-15 00:00:00+00:00,24000000,0xdef,0xdac17f958d2ee523a2206206994597c13d831ec7,0x4444444444444444444444444444444444444444,0x1111111111111111111111111111111111111111,72000000000
2025-02-15 00:00:00+00:00,24000000,0xdef,0xa0b86991c6218b36c1d19d4a2e9eb0ce3606eb48,0x1111111111111111111111111111111111111111,0x2222222222222222222222222222222222222222,73000000000
2025-02-15 00:00:00+00:00,24000000,0xdef,0xdac17f958d2ee523a2206206994597c13d831ec7,0x2222222222222222222222222222222222222222,0x3333333333333333333333333333333333333333,74000000000
2025-02-15 00:00:00+00:00,24000000,0xdef,0xa0b86991c6218b36c1d19d4a2e9eb0ce3606eb48,0x3333333333333333333333333333333333333333,0x4444444444444444444444444444444444444444,75000000000
2025-02-15 00:00:00+00:00,24000000,0xdef,0xdac17f958d2ee523a2206206994597c13d831ec7,0x4444444444444444444444444444444444444444,0x1111111111111111111111111111111111111111,76000000000
2025-02-15 00:00:00+00:00,24000000,0xdef,0xa0b86991c6218b36c1d19d4a2e9eb0ce3606eb48,0x1111111111111111111111111111111111111111,0x2222222222222222222222222222222222222222,77000000000
2025-02-15 00:00:00+00:00,24000000,0xdef,0xdac17f958d2ee523a2206206994597c13d831ec7,0x2222222222222222222222222222222222222222,0x3333333333333333333333333333333333333333,78000000000
2025-02-15 00:00:00+00:00,24000000,0xdef,0xa0b86991c6218b36c1d19d4a2e9eb0ce3606eb48,0x3333333333333333333333333333333333333333,0x4444444444444444444444444444444444444444,79000000000
2025-02-15 00:00:00+00:00,24000000,0xdef,0xdac17f958d2ee523a2206206994597c13d831ec7,0x4444444444444444444444444444444444444444,0x1111111111111111111111111111111111111111,80000000000
