symbol,address,feed,proxy,day,chainlink_time,chainlink_updated,chainlink_price,llama_price,llama_key,rel_diff
WETH,0x82af49447d8a07e3bd95bd0d56f35241523fbab1,ETH / USD,0x639fe6ab55c921f74e7fac1ee960c0b6293ba612,2023-10-15,1697414400,1697413726,1557.34343894,1555.78,second,-0.0010039140377822164
WETH,0x82af49447d8a07e3bd95bd0d56f35241523fbab1,ETH / USD,0x639fe6ab55c921f74e7fac1ee960c0b6293ba612,2023-11-15,1700092800,1700092718,2059.70556374,2057.61,second,-0.0010174093700046072
WETH,0x82af49447d8a07e3bd95bd0d56f35241523fbab1,ETH / USD,0x639fe6ab55c921f74e7fac1ee960c0b6293ba612,2023-12-15,1702684800,1702684564,2218.22005435,2227.43,second,0.004151953108501916
WETH,0x82af49447d8a07e3bd95bd0d56f35241523fbab1,ETH / USD,0x639fe6ab55c921f74e7fac1ee960c0b6293ba612,2024-01-15,1705363200,1705363158,2510.15859206,2528.15,second,0.007167438741484178
WETH,0x82af49447d8a07e3bd95bd0d56f35241523fbab1,ETH / USD,0x639fe6ab55c921f74e7fac1ee960c0b6293ba612,2024-02-15,1708041600,1708041080,2823.99,2818.56,second,-0.0019228113413998216
WETH,0x82af49447d8a07e3bd95bd0d56f35241523fbab1,ETH / USD,0x639fe6ab55c921f74e7fac1ee960c0b6293ba612,2024-03-15,1710547200,1710547029,3737.20636309,3729.57,second,-0.002043334605607905
WETH,0x82af49447d8a07e3bd95bd0d56f35241523fbab1,ETH / USD,0x639fe6ab55c921f74e7fac1ee960c0b6293ba612,2024-04-15,1713225600,1713225338,3101.54773844,3100.28,second,-0.00040874381015898464
WETH,0x82af49447d8a07e3bd95bd0d56f35241523fbab1,ETH / USD,0x639fe6ab55c921f74e7fac1ee960c0b6293ba612,2024-05-15,1715817600,1715817485,3035.95,3036.69,second,0.00024374577973951261
WETH,0x82af49447d8a07e3bd95bd0d56f35241523fbab1,ETH / USD,0x639fe6ab55c921f74e7fac1ee960c0b6293ba612,2024-06-15,1718496000,1718495173,3565.0515,3567.12,second,0.0005802160221246577
WETH,0x82af49447d8a07e3bd95bd0d56f35241523fbab1,ETH / USD,0x639fe6ab55c921f74e7fac1ee960c0b6293ba612,2024-07-15,1721088000,1721087969,3487.38,3486.81,second,-0.00016344648418009644
WETH,0x82af49447d8a07e3bd95bd0d56f35241523fbab1,ETH / USD,0x639fe6ab55c921f74e7fac1ee960c0b6293ba612,2024-08-15,1723766400,1723766386,2569.1925,2571.15,arbitrum,0.0007619125464517484
WETH,0x82af49447d8a07e3bd95bd0d56f35241523fbab1,ETH / USD,0x639fe6ab55c921f74e7fac1ee960c0b6293ba612,2024-09-15,1726444800,1726444789,2317.3886,2320.68,arbitrum,0.0014203055974295609
WETH,0x82af49447d8a07e3bd95bd0d56f35241523fbab1,ETH / USD,0x639fe6ab55c921f74e7fac1ee960c0b6293ba612,2024-10-15,1729036800,1729036797,2607.1592,2604.1326141321706,arbitrum,-0.0011608749737375135
WETH,0x82af49447d8a07e3bd95bd0d56f35241523fbab1,ETH / USD,0x639fe6ab55c921f74e7fac1ee960c0b6293ba612,2024-11-15,1731715200,1731715147,3090.22,3089.9,arbitrum,-0.0001035524978802993
WETH,0x82af49447d8a07e3bd95bd0d56f35241523fbab1,ETH / USD,0x639fe6ab55c921f74e7fac1ee960c0b6293ba612,2024-12-15,1734307200,1734307152,3954.40974623,3947.54,arbitrum,-0.0017372368244210623
WETH,0x82af49447d8a07e3bd95bd0d56f35241523fbab1,ETH / USD,0x639fe6ab55c921f74e7fac1ee960c0b6293ba612,2025-01-15,1736985600,1736985530,3450.28685009,3452.77,arbitrum,0.0007196937581972485
WETH,0x82af49447d8a07e3bd95bd0d56f35241523fbab1,ETH / USD,0x639fe6ab55c921f74e7fac1ee960c0b6293ba612,2025-02-15,1739664000,1739663660,2693.09,2692.53,arbitrum,-0.00020793957869957858
WETH,0x82af49447d8a07e3bd95bd0d56f35241523fbab1,ETH / USD,0x639fe6ab55c921f74e7fac1ee960c0b6293ba612,2025-03-15,1742083200,1742083104,1936.75040323,1939.75,arbitrum,0.0015487781827732139
WETH,0x82af49447d8a07e3bd95bd0d56f35241523fbab1,ETH / USD,0x639fe6ab55c921f74e7fac1ee960c0b6293ba612,2025-04-15,1744761600,1744761510,1588.8773,1586.69,arbitrum,-0.0013766324183749346
WETH,0x82af49447d8a07e3bd95bd0d56f35241523fbab1,ETH / USD,0x639fe6ab55c921f74e7fac1ee960c0b6293ba612,2025-05-15,1747353600,1747353537,2548.15,2545.36,arbitrum,-0.0010949119949766883
WETH,0x82af49447d8a07e3bd95bd0d56f35241523fbab1,ETH / USD,0x639fe6ab55c921f74e7fac1ee960c0b6293ba612,2025-06-15,1750032000,1750031872,2546.4145,2546.95,arbitrum,0.00021029569223696143
WETH,0x82af49447d8a07e3bd95bd0d56f35241523fbab1,ETH / USD,0x639fe6ab55c921f74e7fac1ee960c0b6293ba612,2025-07-15,1752624000,1752623921,3138.33,3141.2,arbitrum,0.000914499112585343
WETH,0x82af49447d8a07e3bd95bd0d56f35241523fbab1,ETH / USD,0x639fe6ab55c921f74e7fac1ee960c0b6293ba612,2025-08-15,1755302400,1755302361,4440.64,4436.33,arbitrum,-0.0009705808171796004
WETH,0x82af49447d8a07e3bd95bd0d56f35241523fbab1,ETH / USD,0x639fe6ab55c921f74e7fac1ee960c0b6293ba612,2025-09-15,1757980800,1757980546,4527.8770617,4529.23,arbitrum,0.0002988019068459469
WETH,0x82af49447d8a07e3bd95bd0d56f35241523fbab1,ETH / USD,0x639fe6ab55c921f74e7fac1ee960c0b6293ba612,2025-10-15,1760572800,1760572640,3985.91622026,3984.717687234472,arbitrum,-0.0003006919762728044
WETH,0x82af49447d8a07e3bd95bd0d56f35241523fbab1,ETH / USD,0x639fe6ab55c921f74e7fac1ee960c0b6293ba612,2025-11-15,1763251200,1763250972,3166.81336732,3165.272137079633,arbitrum,-0.00048668174015931154
WETH,0x82af49447d8a07e3bd95bd0d56f35241523fbab1,ETH / USD,0x639fe6ab55c921f74e7fac1ee960c0b6293ba612,2025-12-15,1765843200,1765843057,2963.7114849,2964.562993745522,arbitrum,0.0002873116529258368
WETH,0x82af49447d8a07e3bd95bd0d56f35241523fbab1,ETH / USD,0x639fe6ab55c921f74e7fac1ee960c0b6293ba612,2026-01-15,1768521600,1768521278,3318.72,3315.15448420729,arbitrum,-0.0010743647528896894
WETH,0x82af49447d8a07e3bd95bd0d56f35241523fbab1,ETH / USD,0x639fe6ab55c921f74e7fac1ee960c0b6293ba612,2026-02-15,1771200000,1771199990,1965.1636,1965.086311825204,arbitrum,-3.932913005111338e-05
WETH,0x82af49447d8a07e3bd95bd0d56f35241523fbab1,ETH / USD,0x639fe6ab55c921f74e7fac1ee960c0b6293ba612,2026-03-15,1773619200,1773619191,2178.85,2177.923163179952,arbitrum,-0.0004253789017361065
WETH,0x82af49447d8a07e3bd95bd0d56f35241523fbab1,ETH / USD,0x639fe6ab55c921f74e7fac1ee960c0b6293ba612,2026-03-31,1775001600,1775001579,2106.09786048,2104.668057987864,arbitrum,-0.0006788870161095195
WETH,0x82af49447d8a07e3bd95bd0d56f35241523fbab1,ETH / USD,0x639fe6ab55c921f74e7fac1ee960c0b6293ba612,2026-04-15,1776297600,1776297526,2359.1469,2360.365429919392,arbitrum,0.0005165129477067154
WETH,0x82af49447d8a07e3bd95bd0d56f35241523fbab1,ETH / USD,0x639fe6ab55c921f74e7fac1ee960c0b6293ba612,2026-05-15,1778889600,1778888505,2223.71219301,2223.1336934072124,arbitrum,-0.00026015039383531224
WETH,0x82af49447d8a07e3bd95bd0d56f35241523fbab1,ETH / USD,0x639fe6ab55c921f74e7fac1ee960c0b6293ba612,2026-06-15,1781568000,1781567811,1795.35,1795.1212939400973,arbitrum,-0.000127388007855056
WETH,0x82af49447d8a07e3bd95bd0d56f35241523fbab1,ETH / USD,0x639fe6ab55c921f74e7fac1ee960c0b6293ba612,2026-06-30,1782864000,1782863807,1569.48627917,1569.5298931232144,arbitrum,2.778868078889829e-05
WETH,0x82af49447d8a07e3bd95bd0d56f35241523fbab1,ETH / USD,0x639fe6ab55c921f74e7fac1ee960c0b6293ba612,2026-07-15,1784160000,1784159891,1916.93207,1917.7032006404888,arbitrum,0.0004022733265081069
WETH,0x82af49447d8a07e3bd95bd0d56f35241523fbab1,ETH / USD,0x639fe6ab55c921f74e7fac1ee960c0b6293ba612,2026-08-15,1786838400,1786837880,1880.72,1881.4448588919508,arbitrum,0.0003854156344116344
WETH,0x82af49447d8a07e3bd95bd0d56f35241523fbab1,ETH / USD,0x639fe6ab55c921f74e7fac1ee960c0b6293ba612,2026-09-15,1789516800,1789516777,2397.0815414,2400.4000195847475,arbitrum,0.0013843826867940834
USDC,0xaf88d065e77c8cc2239327c5edb3a432268e5831,USDC / USD,0x50834f3163758fcc1df9973b6e91f0f0f0434ad3,2023-10-15,1697414400,1697352524,1.00008644,1.0,arbitrum,-8.643252877227336e-05
USDC,0xaf88d065e77c8cc2239327c5edb3a432268e5831,USDC / USD,0x50834f3163758fcc1df9973b6e91f0f0f0434ad3,2023-11-15,1700092800,1700031492,0.99994072,0.99941,arbitrum,-0.000530751462946677
USDC,0xaf88d065e77c8cc2239327c5edb3a432268e5831,USDC / USD,0x50834f3163758fcc1df9973b6e91f0f0f0434ad3,2023-12-15,1702684800,1702624102,0.99999078,0.999366,arbitrum,-0.0006247857605247154
USDC,0xaf88d065e77c8cc2239327c5edb3a432268e5831,USDC / USD,0x50834f3163758fcc1df9973b6e91f0f0f0434ad3,2024-01-15,1705363200,1705320943,1.00031894,0.999894,arbitrum,-0.0004248045128488753
USDC,0xaf88d065e77c8cc2239327c5edb3a432268e5831,USDC / USD,0x50834f3163758fcc1df9973b6e91f0f0f0434ad3,2024-02-15,1708041600,1707999697,1.00000239,0.9994775213723393,arbitrum,-0.0005248673732276554
USDC,0xaf88d065e77c8cc2239327c5edb3a432268e5831,USDC / USD,0x50834f3163758fcc1df9973b6e91f0f0f0434ad3,2024-03-15,1710547200,1710505736,0.99995,0.998361,arbitrum,-0.001589079453972686
USDC,0xaf88d065e77c8cc2239327c5edb3a432268e5831,USDC / USD,0x50834f3163758fcc1df9973b6e91f0f0f0434ad3,2024-04-15,1713225600,1713216735,0.99999,0.9995367528989648,arbitrum,-0.00045325163355158793
USDC,0xaf88d065e77c8cc2239327c5edb3a432268e5831,USDC / USD,0x50834f3163758fcc1df9973b6e91f0f0f0434ad3,2024-05-15,1715817600,1715809154,0.99997807,0.9996839190136646,arbitrum,-0.00029415743720806464
USDC,0xaf88d065e77c8cc2239327c5edb3a432268e5831,USDC / USD,0x50834f3163758fcc1df9973b6e91f0f0f0434ad3,2024-06-15,1718496000,1718488016,1.0,1.0,arbitrum,0.0
USDC,0xaf88d065e77c8cc2239327c5edb3a432268e5831,USDC / USD,0x50834f3163758fcc1df9973b6e91f0f0f0434ad3,2024-07-15,1721088000,1721080392,0.99995,1.0,arbitrum,5.0002500125101434e-05
USDC,0xaf88d065e77c8cc2239327c5edb3a432268e5831,USDC / USD,0x50834f3163758fcc1df9973b6e91f0f0f0434ad3,2024-08-15,1723766400,1723759255,0.99997617,0.999303,arbitrum,-0.0006731860420233771
USDC,0xaf88d065e77c8cc2239327c5edb3a432268e5831,USDC / USD,0x50834f3163758fcc1df9973b6e91f0f0f0434ad3,2024-09-15,1726444800,1726438120,0.99991,1.0,arbitrum,9.000810072912202e-05
USDC,0xaf88d065e77c8cc2239327c5edb3a432268e5831,USDC / USD,0x50834f3163758fcc1df9973b6e91f0f0f0434ad3,2024-10-15,1729036800,1729030524,0.99991,1.0,arbitrum,9.000810072912202e-05
USDC,0xaf88d065e77c8cc2239327c5edb3a432268e5831,USDC / USD,0x50834f3163758fcc1df9973b6e91f0f0f0434ad3,2024-11-15,1731715200,1731709329,0.99994,1.001,arbitrum,0.0010600636038160527
USDC,0xaf88d065e77c8cc2239327c5edb3a432268e5831,USDC / USD,0x50834f3163758fcc1df9973b6e91f0f0f0434ad3,2024-12-15,1734307200,1734301740,0.99996196,0.997334,arbitrum,-0.002628059971401253
USDC,0xaf88d065e77c8cc2239327c5edb3a432268e5831,USDC / USD,0x50834f3163758fcc1df9973b6e91f0f0f0434ad3,2025-01-15,1736985600,1736980554,0.99999133,0.99996,arbitrum,-3.133027163348956e-05
USDC,0xaf88d065e77c8cc2239327c5edb3a432268e5831,USDC / USD,0x50834f3163758fcc1df9973b6e91f0f0f0434ad3,2025-02-15,1739664000,1739659763,0.99992691,0.999919,arbitrum,-7.910578184167072e-06
USDC,0xaf88d065e77c8cc2239327c5edb3a432268e5831,USDC / USD,0x50834f3163758fcc1df9973b6e91f0f0f0434ad3,2025-03-15,1742083200,1742079337,0.99999478,0.999894,arbitrum,-0.00010078052607431776
USDC,0xaf88d065e77c8cc2239327c5edb3a432268e5831,USDC / USD,0x50834f3163758fcc1df9973b6e91f0f0f0434ad3,2025-04-15,1744761600,1744758066,0.99998108,0.999896,arbitrum,-8.508160974396439e-05
USDC,0xaf88d065e77c8cc2239327c5edb3a432268e5831,USDC / USD,0x50834f3163758fcc1df9973b6e91f0f0f0434ad3,2025-05-15,1747353600,1747350489,0.99989,0.999902,arbitrum,1.2001320145227368e-05
USDC,0xaf88d065e77c8cc2239327c5edb3a432268e5831,USDC / USD,0x50834f3163758fcc1df9973b6e91f0f0f0434ad3,2025-06-15,1750032000,1750029509,0.99986004,0.9997,arbitrum,-0.00016006240233379376
USDC,0xaf88d065e77c8cc2239327c5edb3a432268e5831,USDC / USD,0x50834f3163758fcc1df9973b6e91f0f0f0434ad3,2025-07-15,1752624000,1752622059,0.9999,0.999898,arbitrum,-2.000200020058074e-06
USDC,0xaf88d065e77c8cc2239327c5edb3a432268e5831,USDC / USD,0x50834f3163758fcc1df9973b6e91f0f0f0434ad3,2025-08-15,1755302400,1755301015,0.99991764,0.999807,arbitrum,-0.00011064911306102321
USDC,0xaf88d065e77c8cc2239327c5edb3a432268e5831,USDC / USD,0x50834f3163758fcc1df9973b6e91f0f0f0434ad3,2025-09-15,1757980800,1757979759,0.99993041,0.999807,arbitrum,-0.00012341858869968636
USDC,0xaf88d065e77c8cc2239327c5edb3a432268e5831,USDC / USD,0x50834f3163758fcc1df9973b6e91f0f0f0434ad3,2025-10-15,1760572800,1760569342,0.99990026,0.999866401380296,arbitrum,-3.3861997099537966e-05
USDC,0xaf88d065e77c8cc2239327c5edb3a432268e5831,USDC / USD,0x50834f3163758fcc1df9973b6e91f0f0f0434ad3,2025-11-15,1763251200,1763248181,0.99994263,0.9997675901328132,arbitrum,-0.00017504990980010682
USDC,0xaf88d065e77c8cc2239327c5edb3a432268e5831,USDC / USD,0x50834f3163758fcc1df9973b6e91f0f0f0434ad3,2025-12-15,1765843200,1765840653,0.99987585,1.0000585788729923,arbitrum,0.00018275156159863748
USDC,0xaf88d065e77c8cc2239327c5edb3a432268e5831,USDC / USD,0x50834f3163758fcc1df9973b6e91f0f0f0434ad3,2026-01-15,1768521600,1768519514,0.99973,0.9998167836958516,arbitrum,8.680713377762217e-05
USDC,0xaf88d065e77c8cc2239327c5edb3a432268e5831,USDC / USD,0x50834f3163758fcc1df9973b6e91f0f0f0434ad3,2026-02-15,1771200000,1771198286,0.99993,1.0000023517571963,arbitrum,7.235682217388018e-05
USDC,0xaf88d065e77c8cc2239327c5edb3a432268e5831,USDC / USD,0x50834f3163758fcc1df9973b6e91f0f0f0434ad3,2026-03-15,1773619200,1773617844,1.00000014,0.9999978362487298,arbitrum,-2.30375094767421e-06
USDC,0xaf88d065e77c8cc2239327c5edb3a432268e5831,USDC / USD,0x50834f3163758fcc1df9973b6e91f0f0f0434ad3,2026-03-31,1775001600,1775000533,0.99965,0.9996601316607135,arbitrum,1.0135208036388121e-05
USDC,0xaf88d065e77c8cc2239327c5edb3a432268e5831,USDC / USD,0x50834f3163758fcc1df9973b6e91f0f0f0434ad3,2026-04-15,1776297600,1776216130,0.9997075,0.9999303230776068,arbitrum,0.00022288827242644693
USDC,0xaf88d065e77c8cc2239327c5edb3a432268e5831,USDC / USD,0x50834f3163758fcc1df9973b6e91f0f0f0434ad3,2026-05-15,1778889600,1778889492,0.99976094,0.9998787696904008,arbitrum,0.00011785786550211341
USDC,0xaf88d065e77c8cc2239327c5edb3a432268e5831,USDC / USD,0x50834f3163758fcc1df9973b6e91f0f0f0434ad3,2026-06-15,1781568000,1781567949,0.99970222,0.9998275926950984,arbitrum,0.0001254100396999025
USDC,0xaf88d065e77c8cc2239327c5edb3a432268e5831,USDC / USD,0x50834f3163758fcc1df9973b6e91f0f0f0434ad3,2026-06-30,1782864000,1782863919,0.99959,0.9996299219122984,arbitrum,3.993828699599966e-05
USDC,0xaf88d065e77c8cc2239327c5edb3a432268e5831,USDC / USD,0x50834f3163758fcc1df9973b6e91f0f0f0434ad3,2026-07-15,1784160000,1784159747,0.99982373,0.9998359495393342,arbitrum,1.2221693652003651e-05
USDC,0xaf88d065e77c8cc2239327c5edb3a432268e5831,USDC / USD,0x50834f3163758fcc1df9973b6e91f0f0f0434ad3,2026-08-15,1786838400,1786838375,0.99985,0.9996426935914908,arbitrum,-0.00020733750913559668
USDC,0xaf88d065e77c8cc2239327c5edb3a432268e5831,USDC / USD,0x50834f3163758fcc1df9973b6e91f0f0f0434ad3,2026-09-15,1789516800,1789516550,0.9999,0.9997087648731074,arbitrum,-0.00019125425231780735
USD₮0,0xfd086bc7cd5c481dcc9c85ebe478a1c0b69fcbb9,USDT / USD,0x3f3f5df88dc9f13eac63df89ec16ef6e7e25dde7,2023-10-15,1697414400,1697407603,1.00011137,0.999834,second,-0.0002773391127429692
USD₮0,0xfd086bc7cd5c481dcc9c85ebe478a1c0b69fcbb9,USDT / USD,0x3f3f5df88dc9f13eac63df89ec16ef6e7e25dde7,2023-11-15,1700092800,1700082280,1.00072,1.0,second,-0.0007194819729795521
USD₮0,0xfd086bc7cd5c481dcc9c85ebe478a1c0b69fcbb9,USDT / USD,0x3f3f5df88dc9f13eac63df89ec16ef6e7e25dde7,2023-12-15,1702684800,1702668623,0.99993522,0.999058,second,-0.0008772768299930567
USD₮0,0xfd086bc7cd5c481dcc9c85ebe478a1c0b69fcbb9,USDT / USD,0x3f3f5df88dc9f13eac63df89ec16ef6e7e25dde7,2024-01-15,1705363200,1705277998,0.99948911,0.998891,second,-0.0005984157246095023
USD₮0,0xfd086bc7cd5c481dcc9c85ebe478a1c0b69fcbb9,USDT / USD,0x3f3f5df88dc9f13eac63df89ec16ef6e7e25dde7,2024-02-15,1708041600,1708014877,1.00029,1.001,second,0.000709794159693633
USD₮0,0xfd086bc7cd5c481dcc9c85ebe478a1c0b69fcbb9,USDT / USD,0x3f3f5df88dc9f13eac63df89ec16ef6e7e25dde7,2024-03-15,1710547200,1710523050,1.0000476,0.998988,second,-0.0010595495654407427
USD₮0,0xfd086bc7cd5c481dcc9c85ebe478a1c0b69fcbb9,USDT / USD,0x3f3f5df88dc9f13eac63df89ec16ef6e7e25dde7,2024-04-15,1713225600,1713151158,1.00097,0.999820021109543,second,-0.0011488644918997704
USD₮0,0xfd086bc7cd5c481dcc9c85ebe478a1c0b69fcbb9,USDT / USD,0x3f3f5df88dc9f13eac63df89ec16ef6e7e25dde7,2024-05-15,1715817600,1715779217,0.99993767,0.999959643687635,second,2.197505734025107e-05
USD₮0,0xfd086bc7cd5c481dcc9c85ebe478a1c0b69fcbb9,USDT / USD,0x3f3f5df88dc9f13eac63df89ec16ef6e7e25dde7,2024-06-15,1718496000,1718458139,0.99937,0.999398,second,2.8017651120260112e-05
USD₮0,0xfd086bc7cd5c481dcc9c85ebe478a1c0b69fcbb9,USDT / USD,0x3f3f5df88dc9f13eac63df89ec16ef6e7e25dde7,2024-07-15,1721088000,1721062534,1.00055712,1.0009423198959873,second,0.0003849854129138741
USD₮0,0xfd086bc7cd5c481dcc9c85ebe478a1c0b69fcbb9,USDT / USD,0x3f3f5df88dc9f13eac63df89ec16ef6e7e25dde7,2024-08-15,1723766400,1723707276,1.00004475,0.999461,second,-0.0005837238783564791
USD₮0,0xfd086bc7cd5c481dcc9c85ebe478a1c0b69fcbb9,USDT / USD,0x3f3f5df88dc9f13eac63df89ec16ef6e7e25dde7,2024-09-15,1726444800,1726386093,1.00011409,0.999846,second,-0.0002680594171011741
USD₮0,0xfd086bc7cd5c481dcc9c85ebe478a1c0b69fcbb9,USDT / USD,0x3f3f5df88dc9f13eac63df89ec16ef6e7e25dde7,2024-10-15,1729036800,1728978444,0.99938,1.0,second,0.0006203846384758016
USD₮0,0xfd086bc7cd5c481dcc9c85ebe478a1c0b69fcbb9,USDT / USD,0x3f3f5df88dc9f13eac63df89ec16ef6e7e25dde7,2024-11-15,1731715200,1731645862,1.0003341,1.001,second,0.0006656775971147777
USD₮0,0xfd086bc7cd5c481dcc9c85ebe478a1c0b69fcbb9,USDT / USD,0x3f3f5df88dc9f13eac63df89ec16ef6e7e25dde7,2024-12-15,1734307200,1734228769,0.9996965,0.996952,second,-0.0027453332086289084
USD₮0,0xfd086bc7cd5c481dcc9c85ebe478a1c0b69fcbb9,USDT / USD,0x3f3f5df88dc9f13eac63df89ec16ef6e7e25dde7,2025-01-15,1736985600,1736954521,0.99994,1.0,second,6.000360021585216e-05
USD₮0,0xfd086bc7cd5c481dcc9c85ebe478a1c0b69fcbb9,USDT / USD,0x3f3f5df88dc9f13eac63df89ec16ef6e7e25dde7,2025-02-15,1739664000,1739634750,1.0001095,1.002,arbitrum,0.0018902930129152118
USD₮0,0xfd086bc7cd5c481dcc9c85ebe478a1c0b69fcbb9,USDT / USD,0x3f3f5df88dc9f13eac63df89ec16ef6e7e25dde7,2025-03-15,1742083200,1742005279,1.0001749,0.999782,arbitrum,-0.0003928312938067391
USD₮0,0xfd086bc7cd5c481dcc9c85ebe478a1c0b69fcbb9,USDT / USD,0x3f3f5df88dc9f13eac63df89ec16ef6e7e25dde7,2025-04-15,1744761600,1744684127,0.9998864,0.999498,arbitrum,-0.0003884441272528072
USD₮0,0xfd086bc7cd5c481dcc9c85ebe478a1c0b69fcbb9,USDT / USD,0x3f3f5df88dc9f13eac63df89ec16ef6e7e25dde7,2025-05-15,1747353600,1747276601,1.00016354,1.001,arbitrum,0.0008363232276993315
USD₮0,0xfd086bc7cd5c481dcc9c85ebe478a1c0b69fcbb9,USDT / USD,0x3f3f5df88dc9f13eac63df89ec16ef6e7e25dde7,2025-06-15,1750032000,1749955583,1.00042656,1.0,arbitrum,-0.0004263781241473641
USD₮0,0xfd086bc7cd5c481dcc9c85ebe478a1c0b69fcbb9,USDT / USD,0x3f3f5df88dc9f13eac63df89ec16ef6e7e25dde7,2025-07-15,1752624000,1752548157,1.00014,1.0,arbitrum,-0.00013998040274365575
USD₮0,0xfd086bc7cd5c481dcc9c85ebe478a1c0b69fcbb9,USDT / USD,0x3f3f5df88dc9f13eac63df89ec16ef6e7e25dde7,2025-08-15,1755302400,1755226979,1.00085098,0.999382,arbitrum,-0.001467730990281968
USD₮0,0xfd086bc7cd5c481dcc9c85ebe478a1c0b69fcbb9,USDT / USD,0x3f3f5df88dc9f13eac63df89ec16ef6e7e25dde7,2025-09-15,1757980800,1757905783,1.00038409,0.999741,arbitrum,-0.0006428430903975269
USD₮0,0xfd086bc7cd5c481dcc9c85ebe478a1c0b69fcbb9,USDT / USD,0x3f3f5df88dc9f13eac63df89ec16ef6e7e25dde7,2025-10-15,1760572800,1760488301,1.00044552,1.0004752113293875,arbitrum,2.9678107197339543e-05
USD₮0,0xfd086bc7cd5c481dcc9c85ebe478a1c0b69fcbb9,USDT / USD,0x3f3f5df88dc9f13eac63df89ec16ef6e7e25dde7,2025-11-15,1763251200,1763172717,0.99922324,0.9992010527368882,arbitrum,-2.220451068746243e-05
USD₮0,0xfd086bc7cd5c481dcc9c85ebe478a1c0b69fcbb9,USDT / USD,0x3f3f5df88dc9f13eac63df89ec16ef6e7e25dde7,2025-12-15,1765843200,1765765233,1.00012,0.9997770838206396,arbitrum,-0.0003428750343562603
USD₮0,0xfd086bc7cd5c481dcc9c85ebe478a1c0b69fcbb9,USDT / USD,0x3f3f5df88dc9f13eac63df89ec16ef6e7e25dde7,2026-01-15,1768521600,1768507109,0.9997,0.9996057541448022,arbitrum,-9.427413743900992e-05
USD₮0,0xfd086bc7cd5c481dcc9c85ebe478a1c0b69fcbb9,USDT / USD,0x3f3f5df88dc9f13eac63df89ec16ef6e7e25dde7,2026-02-15,1771200000,1771166031,0.99947,0.9993009854883664,arbitrum,-0.00016910413682602599
USD₮0,0xfd086bc7cd5c481dcc9c85ebe478a1c0b69fcbb9,USDT / USD,0x3f3f5df88dc9f13eac63df89ec16ef6e7e25dde7,2026-03-15,1773619200,1773585578,1.00016,1.000309580088911,arbitrum,0.0001495561599254014
USD₮0,0xfd086bc7cd5c481dcc9c85ebe478a1c0b69fcbb9,USDT / USD,0x3f3f5df88dc9f13eac63df89ec16ef6e7e25dde7,2026-03-31,1775001600,1774968232,0.99914102,0.9990288698723444,arbitrum,-0.00011224654519303989
USD₮0,0xfd086bc7cd5c481dcc9c85ebe478a1c0b69fcbb9,USDT / USD,0x3f3f5df88dc9f13eac63df89ec16ef6e7e25dde7,2026-04-15,1776297600,1776217259,1.00033764,1.0002283633247613,arbitrum,-0.00010923979151544749
USD₮0,0xfd086bc7cd5c481dcc9c85ebe478a1c0b69fcbb9,USDT / USD,0x3f3f5df88dc9f13eac63df89ec16ef6e7e25dde7,2026-05-15,1778889600,1778889495,0.99942,0.9993173697058838,arbitrum,-0.00010268985423167454
USD₮0,0xfd086bc7cd5c481dcc9c85ebe478a1c0b69fcbb9,USDT / USD,0x3f3f5df88dc9f13eac63df89ec16ef6e7e25dde7,2026-06-15,1781568000,1781567945,0.99945,0.9996666247972478,arbitrum,0.0002167440064513304
USD₮0,0xfd086bc7cd5c481dcc9c85ebe478a1c0b69fcbb9,USDT / USD,0x3f3f5df88dc9f13eac63df89ec16ef6e7e25dde7,2026-06-30,1782864000,1782863846,0.99846451,0.998636360645358,arbitrum,0.00017211492610580414
USD₮0,0xfd086bc7cd5c481dcc9c85ebe478a1c0b69fcbb9,USDT / USD,0x3f3f5df88dc9f13eac63df89ec16ef6e7e25dde7,2026-07-15,1784160000,1784159803,0.99935774,0.9994909869668576,arbitrum,0.00013333260105397038
USD₮0,0xfd086bc7cd5c481dcc9c85ebe478a1c0b69fcbb9,USDT / USD,0x3f3f5df88dc9f13eac63df89ec16ef6e7e25dde7,2026-08-15,1786838400,1786838220,0.99892,0.9988931368925796,arbitrum,-2.689215094342501e-05
USD₮0,0xfd086bc7cd5c481dcc9c85ebe478a1c0b69fcbb9,USDT / USD,0x3f3f5df88dc9f13eac63df89ec16ef6e7e25dde7,2026-09-15,1789516800,1789516629,0.99928317,0.9992433731651624,arbitrum,-3.982538286673165e-05
ARB,0x912ce59144191c1204e64559fe8253a0e49e6548,ARB / USD,0xb2a824043730fe05f3da2efafa1cbbe83fa548d6,2023-10-15,1697414400,1697414266,0.803752,0.802944,arbitrum,-0.0010052852123541012
ARB,0x912ce59144191c1204e64559fe8253a0e49e6548,ARB / USD,0xb2a824043730fe05f3da2efafa1cbbe83fa548d6,2023-11-15,1700092800,1700092700,1.1433725,1.14,arbitrum,-0.0029496074114079285
ARB,0x912ce59144191c1204e64559fe8253a0e49e6548,ARB / USD,0xb2a824043730fe05f3da2efafa1cbbe83fa548d6,2023-12-15,1702684800,1702684780,1.0996796,1.098,arbitrum,-0.0015273539674646175
ARB,0x912ce59144191c1204e64559fe8253a0e49e6548,ARB / USD,0xb2a824043730fe05f3da2efafa1cbbe83fa548d6,2024-01-15,1705363200,1705363173,2.108,2.11,arbitrum,0.000948766603415363
ARB,0x912ce59144191c1204e64559fe8253a0e49e6548,ARB / USD,0xb2a824043730fe05f3da2efafa1cbbe83fa548d6,2024-02-15,1708041600,1708041551,2.07304708,2.07,arbitrum,-0.001469855667725617
ARB,0x912ce59144191c1204e64559fe8253a0e49e6548,ARB / USD,0xb2a824043730fe05f3da2efafa1cbbe83fa548d6,2024-03-15,1710547200,1710547115,1.88435,1.88,arbitrum,-0.00230848833815378
ARB,0x912ce59144191c1204e64559fe8253a0e49e6548,ARB / USD,0xb2a824043730fe05f3da2efafa1cbbe83fa548d6,2024-04-15,1713225600,1713225599,1.152675,1.15,arbitrum,-0.002320688832498252
ARB,0x912ce59144191c1204e64559fe8253a0e49e6548,ARB / USD,0xb2a824043730fe05f3da2efafa1cbbe83fa548d6,2024-05-15,1715817600,1715817565,0.99455,0.9950959266953708,arbitrum,0.0005489183001063935
ARB,0x912ce59144191c1204e64559fe8253a0e49e6548,ARB / USD,0xb2a824043730fe05f3da2efafa1cbbe83fa548d6,2024-06-15,1718496000,1718495812,0.92158421,0.921944,arbitrum,0.0003904038243016661
ARB,0x912ce59144191c1204e64559fe8253a0e49e6548,ARB / USD,0xb2a824043730fe05f3da2efafa1cbbe83fa548d6,2024-07-15,1721088000,1721087980,0.77414383,0.7746769267483069,arbitrum,0.0006886275232691474
ARB,0x912ce59144191c1204e64559fe8253a0e49e6548,ARB / USD,0xb2a824043730fe05f3da2efafa1cbbe83fa548d6,2024-08-15,1723766400,1723766386,0.53603663,0.5362113022395685,arbitrum,0.0003258587749281894
ARB,0x912ce59144191c1204e64559fe8253a0e49e6548,ARB / USD,0xb2a824043730fe05f3da2efafa1cbbe83fa548d6,2024-09-15,1726444800,1726444536,0.51180455,0.512141,arbitrum,0.0006573798533051622
ARB,0x912ce59144191c1204e64559fe8253a0e49e6548,ARB / USD,0xb2a824043730fe05f3da2efafa1cbbe83fa548d6,2024-10-15,1729036800,1729036680,0.56784,0.567707,arbitrum,-0.00023422090729796619
ARB,0x912ce59144191c1204e64559fe8253a0e49e6548,ARB / USD,0xb2a824043730fe05f3da2efafa1cbbe83fa548d6,2024-11-15,1731715200,1731715127,0.60653382,0.607075,arbitrum,0.000892250328266897
ARB,0x912ce59144191c1204e64559fe8253a0e49e6548,ARB / USD,0xb2a824043730fe05f3da2efafa1cbbe83fa548d6,2024-12-15,1734307200,1734307185,1.015207,1.012,arbitrum,-0.003158961669886051
ARB,0x912ce59144191c1204e64559fe8253a0e49e6548,ARB / USD,0xb2a824043730fe05f3da2efafa1cbbe83fa548d6,2025-01-15,1736985600,1736985593,0.79197725,0.794101,arbitrum,0.00268157955294801
ARB,0x912ce59144191c1204e64559fe8253a0e49e6548,ARB / USD,0xb2a824043730fe05f3da2efafa1cbbe83fa548d6,2025-02-15,1739664000,1739663847,0.47703273,0.47678,arbitrum,-0.0005297959324510604
ARB,0x912ce59144191c1204e64559fe8253a0e49e6548,ARB / USD,0xb2a824043730fe05f3da2efafa1cbbe83fa548d6,2025-03-15,1742083200,1742083097,0.36419133,0.364505,arbitrum,0.0008612780540384612
ARB,0x912ce59144191c1204e64559fe8253a0e49e6548,ARB / USD,0xb2a824043730fe05f3da2efafa1cbbe83fa548d6,2025-04-15,1744761600,1744761570,0.27990666,0.280251,arbitrum,0.0012301958088456466
ARB,0x912ce59144191c1204e64559fe8253a0e49e6548,ARB / USD,0xb2a824043730fe05f3da2efafa1cbbe83fa548d6,2025-05-15,1747353600,1747353521,0.3978,0.396858,arbitrum,-0.0023680241327299623
ARB,0x912ce59144191c1204e64559fe8253a0e49e6548,ARB / USD,0xb2a824043730fe05f3da2efafa1cbbe83fa548d6,2025-06-15,1750032000,1750031925,0.32747216,0.327474,arbitrum,5.61879825133893e-06
ARB,0x912ce59144191c1204e64559fe8253a0e49e6548,ARB / USD,0xb2a824043730fe05f3da2efafa1cbbe83fa548d6,2025-07-15,1752624000,1752623953,0.43612941,0.435456,arbitrum,-0.0015440600531846371
ARB,0x912ce59144191c1204e64559fe8253a0e49e6548,ARB / USD,0xb2a824043730fe05f3da2efafa1cbbe83fa548d6,2025-08-15,1755302400,1755302392,0.48214,0.481782,arbitrum,-0.000742522918654398
ARB,0x912ce59144191c1204e64559fe8253a0e49e6548,ARB / USD,0xb2a824043730fe05f3da2efafa1cbbe83fa548d6,2025-09-15,1757980800,1757980605,0.49281132,0.492775,arbitrum,-7.369960576386614e-05
ARB,0x912ce59144191c1204e64559fe8253a0e49e6548,ARB / USD,0xb2a824043730fe05f3da2efafa1cbbe83fa548d6,2025-10-15,1760572800,1760572653,0.32727425,0.3270021935493295,arbitrum,-0.000831279731510981
ARB,0x912ce59144191c1204e64559fe8253a0e49e6548,ARB / USD,0xb2a824043730fe05f3da2efafa1cbbe83fa548d6,2025-11-15,1763251200,1763251134,0.24094159,0.2412403722161827,arbitrum,0.0012400607806344333
ARB,0x912ce59144191c1204e64559fe8253a0e49e6548,ARB / USD,0xb2a824043730fe05f3da2efafa1cbbe83fa548d6,2025-12-15,1765843200,1765843039,0.19713812,0.1971994198912402,arbitrum,0.000310948949093115
ARB,0x912ce59144191c1204e64559fe8253a0e49e6548,ARB / USD,0xb2a824043730fe05f3da2efafa1cbbe83fa548d6,2026-01-15,1768521600,1768521353,0.2099689,0.2099347219111852,arbitrum,-0.0001627769103653698
ARB,0x912ce59144191c1204e64559fe8253a0e49e6548,ARB / USD,0xb2a824043730fe05f3da2efafa1cbbe83fa548d6,2026-02-15,1771200000,1771199953,0.11458291,0.1146341815395842,arbitrum,0.00044746236226855807
ARB,0x912ce59144191c1204e64559fe8253a0e49e6548,ARB / USD,0xb2a824043730fe05f3da2efafa1cbbe83fa548d6,2026-03-15,1773619200,1773619112,0.10383,0.1037040504660476,arbitrum,-0.0012130360584841071
ARB,0x912ce59144191c1204e64559fe8253a0e49e6548,ARB / USD,0xb2a824043730fe05f3da2efafa1cbbe83fa548d6,2026-03-31,1775001600,1775001253,0.09285893,0.0928243676150842,arbitrum,-0.0003722031356144795
ARB,0x912ce59144191c1204e64559fe8253a0e49e6548,ARB / USD,0xb2a824043730fe05f3da2efafa1cbbe83fa548d6,2026-04-15,1776297600,1776297583,0.11487,0.1148325922273239,arbitrum,-0.0003256531093940307
ARB,0x912ce59144191c1204e64559fe8253a0e49e6548,ARB / USD,0xb2a824043730fe05f3da2efafa1cbbe83fa548d6,2026-05-15,1778889600,1778889180,0.12477,0.1247647361091087,arbitrum,-4.2188754438621245e-05
ARB,0x912ce59144191c1204e64559fe8253a0e49e6548,ARB / USD,0xb2a824043730fe05f3da2efafa1cbbe83fa548d6,2026-06-15,1781568000,1781567974,0.08624,0.0862729392649137,arbitrum,0.0003819488046579167
ARB,0x912ce59144191c1204e64559fe8253a0e49e6548,ARB / USD,0xb2a824043730fe05f3da2efafa1cbbe83fa548d6,2026-06-30,1782864000,1782863632,0.07601082,0.0759590218426896,arbitrum,-0.0006814576833983343
ARB,0x912ce59144191c1204e64559fe8253a0e49e6548,ARB / USD,0xb2a824043730fe05f3da2efafa1cbbe83fa548d6,2026-07-15,1784160000,1784159796,0.08836353,0.0882703364171675,arbitrum,-0.0010546611575216192
ARB,0x912ce59144191c1204e64559fe8253a0e49e6548,ARB / USD,0xb2a824043730fe05f3da2efafa1cbbe83fa548d6,2026-08-15,1786838400,1786837542,0.072707,0.0725832872834982,arbitrum,-0.0017015241517570612
ARB,0x912ce59144191c1204e64559fe8253a0e49e6548,ARB / USD,0xb2a824043730fe05f3da2efafa1cbbe83fa548d6,2026-09-15,1789516800,1789516767,0.151838,0.15181634168746,arbitrum,-0.00014264092348426072
WBTC,0x2f2a2543b76a4166549f7aab2e75bef0aefc5b0f,WBTC / USD,0xd0c7101eacbb49f3decccc166d238410d6d46d57,2023-10-15,1697414400,1697414191,27143.7663565,27144.655080392804,second,3.274136245989823e-05
WBTC,0x2f2a2543b76a4166549f7aab2e75bef0aefc5b0f,WBTC / USD,0xd0c7101eacbb49f3decccc166d238410d6d46d57,2023-11-15,1700092800,1700092724,37830.04044112,37818.0,second,-0.00031827724685462577
WBTC,0x2f2a2543b76a4166549f7aab2e75bef0aefc5b0f,WBTC / USD,0xd0c7101eacbb49f3decccc166d238410d6d46d57,2023-12-15,1702684800,1702684734,41818.969,41782.0,second,-0.0008840246635443139
WBTC,0x2f2a2543b76a4166549f7aab2e75bef0aefc5b0f,WBTC / USD,0xd0c7101eacbb49f3decccc166d238410d6d46d57,2024-01-15,1705363200,1705363197,42545.50627278,42442.0,second,-0.0024328367869540513
WBTC,0x2f2a2543b76a4166549f7aab2e75bef0aefc5b0f,WBTC / USD,0xd0c7101eacbb49f3decccc166d238410d6d46d57,2024-02-15,1708041600,1708041023,51858.69487398,51863.0,second,8.301647448827332e-05
WBTC,0x2f2a2543b76a4166549f7aab2e75bef0aefc5b0f,WBTC / USD,0xd0c7101eacbb49f3decccc166d238410d6d46d57,2024-03-15,1710547200,1710547123,69260.56267486,69169.0,second,-0.001322003046522191
WBTC,0x2f2a2543b76a4166549f7aab2e75bef0aefc5b0f,WBTC / USD,0xd0c7101eacbb49f3decccc166d238410d6d46d57,2024-04-15,1713225600,1713225429,63447.895,63447.0,second,-1.4106062935503871e-05
WBTC,0x2f2a2543b76a4166549f7aab2e75bef0aefc5b0f,WBTC / USD,0xd0c7101eacbb49f3decccc166d238410d6d46d57,2024-05-15,1715817600,1715817125,66280.355,66323.0,second,0.0006434033130933159
WBTC,0x2f2a2543b76a4166549f7aab2e75bef0aefc5b0f,WBTC / USD,0xd0c7101eacbb49f3decccc166d238410d6d46d57,2024-06-15,1718496000,1718495845,66258.52102,66367.0,second,0.001637207989705347
WBTC,0x2f2a2543b76a4166549f7aab2e75bef0aefc5b0f,WBTC / USD,0xd0c7101eacbb49f3decccc166d238410d6d46d57,2024-07-15,1721088000,1721087967,64868.50468652,64802.0,second,-0.0010252230545684249
WBTC,0x2f2a2543b76a4166549f7aab2e75bef0aefc5b0f,WBTC / USD,0xd0c7101eacbb49f3decccc166d238410d6d46d57,2024-08-15,1723766400,1723766339,57537.01384963,57575.0,arbitrum,0.000660203716329022
WBTC,0x2f2a2543b76a4166549f7aab2e75bef0aefc5b0f,WBTC / USD,0xd0c7101eacbb49f3decccc166d238410d6d46d57,2024-09-15,1726444800,1726444793,59112.93899375,59092.0,arbitrum,-0.0003542201437863879
WBTC,0x2f2a2543b76a4166549f7aab2e75bef0aefc5b0f,WBTC / USD,0xd0c7101eacbb49f3decccc166d238410d6d46d57,2024-10-15,1729036800,1729036688,66912.37848082,66852.0,arbitrum,-0.0009023514361742313
WBTC,0x2f2a2543b76a4166549f7aab2e75bef0aefc5b0f,WBTC / USD,0xd0c7101eacbb49f3decccc166d238410d6d46d57,2024-11-15,1731715200,1731714991,90917.37173,90772.0,arbitrum,-0.0015989433837981792
WBTC,0x2f2a2543b76a4166549f7aab2e75bef0aefc5b0f,WBTC / USD,0xd0c7101eacbb49f3decccc166d238410d6d46d57,2024-12-15,1734307200,1734307072,103942.35264522,103798.0,arbitrum,-0.0013887760046447095
WBTC,0x2f2a2543b76a4166549f7aab2e75bef0aefc5b0f,WBTC / USD,0xd0c7101eacbb49f3decccc166d238410d6d46d57,2025-01-15,1736985600,1736985551,100196.05388,100167.0,arbitrum,-0.00028997030197219775
WBTC,0x2f2a2543b76a4166549f7aab2e75bef0aefc5b0f,WBTC / USD,0xd0c7101eacbb49f3decccc166d238410d6d46d57,2025-02-15,1739664000,1739663409,97401.32548981,97321.0,arbitrum,-0.0008246857977143307
WBTC,0x2f2a2543b76a4166549f7aab2e75bef0aefc5b0f,WBTC / USD,0xd0c7101eacbb49f3decccc166d238410d6d46d57,2025-03-15,1742083200,1742083062,84187.33781,84078.0,arbitrum,-0.0012987441204846961
WBTC,0x2f2a2543b76a4166549f7aab2e75bef0aefc5b0f,WBTC / USD,0xd0c7101eacbb49f3decccc166d238410d6d46d57,2025-04-15,1744761600,1744761244,83648.3001,83535.0,arbitrum,-0.0013544817989671332
WBTC,0x2f2a2543b76a4166549f7aab2e75bef0aefc5b0f,WBTC / USD,0xd0c7101eacbb49f3decccc166d238410d6d46d57,2025-05-15,1747353600,1747353374,103619.79830182,103529.0,arbitrum,-0.000876264027802165
WBTC,0x2f2a2543b76a4166549f7aab2e75bef0aefc5b0f,WBTC / USD,0xd0c7101eacbb49f3decccc166d238410d6d46d57,2025-06-15,1750032000,1750031851,105425.85075504,105364.0,arbitrum,-0.0005866754178128764
WBTC,0x2f2a2543b76a4166549f7aab2e75bef0aefc5b0f,WBTC / USD,0xd0c7101eacbb49f3decccc166d238410d6d46d57,2025-07-15,1752624000,1752623061,117564.48675046,117851.0,arbitrum,0.002437073111611898
WBTC,0x2f2a2543b76a4166549f7aab2e75bef0aefc5b0f,WBTC / USD,0xd0c7101eacbb49f3decccc166d238410d6d46d57,2025-08-15,1755302400,1755302133,117313.385992,117406.0,arbitrum,0.0007894581442420279
WBTC,0x2f2a2543b76a4166549f7aab2e75bef0aefc5b0f,WBTC / USD,0xd0c7101eacbb49f3decccc166d238410d6d46d57,2025-09-15,1757980800,1757978907,115331.8245356,115371.0,arbitrum,0.0003396761003109372
WBTC,0x2f2a2543b76a4166549f7aab2e75bef0aefc5b0f,WBTC / USD,0xd0c7101eacbb49f3decccc166d238410d6d46d57,2025-10-15,1760572800,1760572181,110803.05312681,110800.86911184566,arbitrum,-1.9710783256465803e-05
WBTC,0x2f2a2543b76a4166549f7aab2e75bef0aefc5b0f,WBTC / USD,0xd0c7101eacbb49f3decccc166d238410d6d46d57,2025-11-15,1763251200,1763250375,95519.87020508,95364.49896692796,arbitrum,-0.0016265855242314498
WBTC,0x2f2a2543b76a4166549f7aab2e75bef0aefc5b0f,WBTC / USD,0xd0c7101eacbb49f3decccc166d238410d6d46d57,2025-12-15,1765843200,1765842928,86234.47144843,86248.56567810102,arbitrum,0.00016344078457586342
WBTC,0x2f2a2543b76a4166549f7aab2e75bef0aefc5b0f,WBTC / USD,0xd0c7101eacbb49f3decccc166d238410d6d46d57,2026-01-15,1768521600,1768520972,95366.335407,95375.125946853,arbitrum,9.217655072402131e-05
WBTC,0x2f2a2543b76a4166549f7aab2e75bef0aefc5b0f,WBTC / USD,0xd0c7101eacbb49f3decccc166d238410d6d46d57,2026-02-15,1771200000,1771199931,68597.39496684,68594.45948363433,arbitrum,-4.279292540321222e-05
WBTC,0x2f2a2543b76a4166549f7aab2e75bef0aefc5b0f,WBTC / USD,0xd0c7101eacbb49f3decccc166d238410d6d46d57,2026-03-15,1773619200,1773619099,72605.18978092,72681.89662441677,arbitrum,0.0010564925693083982
WBTC,0x2f2a2543b76a4166549f7aab2e75bef0aefc5b0f,WBTC / USD,0xd0c7101eacbb49f3decccc166d238410d6d46d57,2026-03-31,1775001600,1775001507,68124.18824825,68155.77560311156,arbitrum,0.0004636731192517729
WBTC,0x2f2a2543b76a4166549f7aab2e75bef0aefc5b0f,WBTC / USD,0xd0c7101eacbb49f3decccc166d238410d6d46d57,2026-04-15,1776297600,1776297434,74682.892094,74696.1816854478,arbitrum,0.00017794693101969017
WBTC,0x2f2a2543b76a4166549f7aab2e75bef0aefc5b0f,WBTC / USD,0xd0c7101eacbb49f3decccc166d238410d6d46d57,2026-05-15,1778889600,1778887283,78861.28588463,78827.84763018199,arbitrum,-0.00042401355840082644
WBTC,0x2f2a2543b76a4166549f7aab2e75bef0aefc5b0f,WBTC / USD,0xd0c7101eacbb49f3decccc166d238410d6d46d57,2026-06-15,1781568000,1781567689,66231.23416386,66197.55061226856,arbitrum,-0.0005085750253136512
WBTC,0x2f2a2543b76a4166549f7aab2e75bef0aefc5b0f,WBTC / USD,0xd0c7101eacbb49f3decccc166d238410d6d46d57,2026-06-30,1782864000,1782863278,58488.80422179,58529.74286215905,arbitrum,0.0006999397733249424
WBTC,0x2f2a2543b76a4166549f7aab2e75bef0aefc5b0f,WBTC / USD,0xd0c7101eacbb49f3decccc166d238410d6d46d57,2026-07-15,1784160000,1784159577,64752.33966722,64710.508620705295,arbitrum,-0.0006460159853634018
WBTC,0x2f2a2543b76a4166549f7aab2e75bef0aefc5b0f,WBTC / USD,0xd0c7101eacbb49f3decccc166d238410d6d46d57,2026-08-15,1786838400,1786835518,63072.38278231,63049.05545631745,arbitrum,-0.000369850082770129
WBTC,0x2f2a2543b76a4166549f7aab2e75bef0aefc5b0f,WBTC / USD,0xd0c7101eacbb49f3decccc166d238410d6d46d57,2026-09-15,1789516800,1789515855,75535.57304722,75521.42762158244,arbitrum,-0.00018726839642446702
